row_id,query_tracklet,gallery_tracklets
1,tracklet_1414,
2,tracklet_1415,
3,tracklet_1416,
4,tracklet_4227,
5,tracklet_4228,
6,tracklet_4229,
7,tracklet_4230,
8,tracklet_4231,
9,tracklet_4232,
10,tracklet_4233,
11,tracklet_4234,
12,tracklet_5076,
13,tracklet_5077,
14,tracklet_5078,
15,tracklet_5079,
16,tracklet_5080,
17,tracklet_5081,
18,tracklet_5082,
19,tracklet_5083,
20,tracklet_5084,
21,tracklet_5085,
22,tracklet_5086,
23,tracklet_5087,
24,tracklet_1665,
25,tracklet_1666,
26,tracklet_1667,
27,tracklet_1668,
28,tracklet_3701,
29,tracklet_3702,
30,tracklet_3703,
31,tracklet_3704,
32,tracklet_3705,
33,tracklet_744,
34,tracklet_745,
35,tracklet_746,
36,tracklet_11,
37,tracklet_12,
38,tracklet_13,
39,tracklet_14,
40,tracklet_15,
41,tracklet_16,
42,tracklet_102,
43,tracklet_103,
44,tracklet_104,
45,tracklet_105,
46,tracklet_106,
47,tracklet_107,
48,tracklet_108,
49,tracklet_109,
50,tracklet_110,
51,tracklet_111,
52,tracklet_112,
53,tracklet_113,
54,tracklet_114,
55,tracklet_115,
56,tracklet_116,
57,tracklet_117,
58,tracklet_118,
59,tracklet_119,
60,tracklet_120,
61,tracklet_329,
62,tracklet_330,
63,tracklet_5940,
64,tracklet_5941,
65,tracklet_5942,
66,tracklet_5943,
67,tracklet_5944,
68,tracklet_5945,
69,tracklet_68,
70,tracklet_69,
71,tracklet_70,
72,tracklet_71,
73,tracklet_72,
74,tracklet_444,
75,tracklet_445,
76,tracklet_731,
77,tracklet_4406,
78,tracklet_4407,
79,tracklet_4408,
80,tracklet_4409,
81,tracklet_4410,
82,tracklet_4411,
83,tracklet_5535,
84,tracklet_5536,
85,tracklet_5537,
86,tracklet_5538,
87,tracklet_5539,
88,tracklet_5540,
89,tracklet_4334,
90,tracklet_4335,
91,tracklet_4336,
92,tracklet_4337,
93,tracklet_4338,
94,tracklet_4339,
95,tracklet_4340,
96,tracklet_5161,
97,tracklet_5162,
98,tracklet_5163,
99,tracklet_5164,
100,tracklet_2627,
101,tracklet_2628,
102,tracklet_2879,
103,tracklet_3228,
104,tracklet_3229,
105,tracklet_3230,
106,tracklet_3231,
107,tracklet_3232,
108,tracklet_6650,
109,tracklet_6651,
110,tracklet_6652,
111,tracklet_6653,
112,tracklet_7278,
113,tracklet_7279,
114,tracklet_7280,
115,tracklet_201,
116,tracklet_202,
117,tracklet_6618,
118,tracklet_6619,
119,tracklet_6620,
120,tracklet_211,
121,tracklet_212,
122,tracklet_819,
123,tracklet_307,
124,tracklet_308,
125,tracklet_309,
126,tracklet_310,
127,tracklet_784,
128,tracklet_863,
129,tracklet_864,
130,tracklet_865,
131,tracklet_866,
132,tracklet_867,
133,tracklet_868,
134,tracklet_869,
135,tracklet_870,
136,tracklet_871,
137,tracklet_872,
138,tracklet_873,
139,tracklet_874,
140,tracklet_214,
141,tracklet_215,
142,tracklet_216,
143,tracklet_217,
144,tracklet_218,
145,tracklet_219,
146,tracklet_1963,
147,tracklet_1964,
148,tracklet_1965,
149,tracklet_1966,
150,tracklet_1967,
151,tracklet_1968,
152,tracklet_1969,
153,tracklet_1970,
154,tracklet_324,
155,tracklet_325,
156,tracklet_326,
157,tracklet_327,
158,tracklet_328,
159,tracklet_437,
160,tracklet_438,
161,tracklet_439,
162,tracklet_4615,
163,tracklet_4616,
164,tracklet_4617,
165,tracklet_4618,
166,tracklet_4619,
167,tracklet_4620,
168,tracklet_4621,
169,tracklet_4622,
170,tracklet_4623,
171,tracklet_4624,
172,tracklet_4625,
173,tracklet_4626,
174,tracklet_4627,
175,tracklet_4628,
176,tracklet_4629,
177,tracklet_4960,
178,tracklet_4961,
179,tracklet_4962,
180,tracklet_4963,
181,tracklet_4964,
182,tracklet_4965,
183,tracklet_4966,
184,tracklet_4967,
185,tracklet_4968,
186,tracklet_4969,
187,tracklet_4970,
188,tracklet_4971,
189,tracklet_4972,
190,tracklet_4973,
191,tracklet_4974,
192,tracklet_4975,
193,tracklet_4976,
194,tracklet_4977,
195,tracklet_4978,
196,tracklet_4979,
197,tracklet_4980,
198,tracklet_7298,
199,tracklet_7299,
200,tracklet_7300,
201,tracklet_7301,
202,tracklet_7302,
203,tracklet_7303,
204,tracklet_7304,
205,tracklet_7305,
206,tracklet_7306,
207,tracklet_7307,
208,tracklet_7308,
209,tracklet_7309,
210,tracklet_7310,
211,tracklet_7311,
212,tracklet_7312,
213,tracklet_7313,
214,tracklet_7314,
215,tracklet_905,
216,tracklet_906,
217,tracklet_907,
218,tracklet_908,
219,tracklet_909,
220,tracklet_910,
221,tracklet_899,
222,tracklet_900,
223,tracklet_901,
224,tracklet_902,
225,tracklet_903,
226,tracklet_904,
227,tracklet_459,
228,tracklet_460,
229,tracklet_493,
230,tracklet_494,
231,tracklet_495,
232,tracklet_496,
233,tracklet_2858,
234,tracklet_2859,
235,tracklet_2860,
236,tracklet_2861,
237,tracklet_2862,
238,tracklet_2863,
239,tracklet_3338,
240,tracklet_3339,
241,tracklet_879,
242,tracklet_880,
243,tracklet_881,
244,tracklet_882,
245,tracklet_883,
246,tracklet_483,
247,tracklet_538,
248,tracklet_539,
249,tracklet_540,
250,tracklet_541,
251,tracklet_542,
252,tracklet_543,
253,tracklet_515,
254,tracklet_516,
255,tracklet_825,
256,tracklet_826,
257,tracklet_331,
258,tracklet_332,
259,tracklet_333,
260,tracklet_334,
261,tracklet_335,
262,tracklet_336,
263,tracklet_337,
264,tracklet_338,
265,tracklet_339,
266,tracklet_348,
267,tracklet_349,
268,tracklet_350,
269,tracklet_351,
270,tracklet_352,
271,tracklet_353,
272,tracklet_354,
273,tracklet_355,
274,tracklet_465,
275,tracklet_466,
276,tracklet_467,
277,tracklet_468,
278,tracklet_469,
279,tracklet_470,
280,tracklet_471,
281,tracklet_4299,
282,tracklet_4300,
283,tracklet_4301,
284,tracklet_4302,
285,tracklet_4303,
286,tracklet_4304,
287,tracklet_4305,
288,tracklet_4306,
289,tracklet_4307,
290,tracklet_4308,
291,tracklet_4309,
292,tracklet_4310,
293,tracklet_4311,
294,tracklet_4312,
295,tracklet_4313,
296,tracklet_4314,
297,tracklet_4315,
298,tracklet_4316,
299,tracklet_4317,
300,tracklet_5308,
301,tracklet_5309,
302,tracklet_5310,
303,tracklet_5311,
304,tracklet_5312,
305,tracklet_5313,
306,tracklet_5314,
307,tracklet_5315,
308,tracklet_5316,
309,tracklet_5317,
310,tracklet_5318,
311,tracklet_5319,
312,tracklet_5320,
313,tracklet_5321,
314,tracklet_5322,
315,tracklet_5323,
316,tracklet_5324,
317,tracklet_5325,
318,tracklet_5326,
319,tracklet_5327,
320,tracklet_5328,
321,tracklet_5329,
322,tracklet_5330,
323,tracklet_5331,
324,tracklet_5341,
325,tracklet_5342,
326,tracklet_5343,
327,tracklet_5344,
328,tracklet_5345,
329,tracklet_5346,
330,tracklet_5347,
331,tracklet_5348,
332,tracklet_5349,
333,tracklet_5350,
334,tracklet_5351,
335,tracklet_432,
336,tracklet_599,
337,tracklet_600,
338,tracklet_601,
339,tracklet_602,
340,tracklet_814,
341,tracklet_815,
342,tracklet_816,
343,tracklet_817,
344,tracklet_818,
345,tracklet_5503,
346,tracklet_5504,
347,tracklet_5505,
348,tracklet_661,
349,tracklet_673,
350,tracklet_674,
351,tracklet_1056,
352,tracklet_1057,
353,tracklet_5527,
354,tracklet_5528,
355,tracklet_5529,
356,tracklet_855,
357,tracklet_856,
358,tracklet_857,
359,tracklet_858,
360,tracklet_859,
361,tracklet_860,
362,tracklet_861,
363,tracklet_862,
364,tracklet_789,
365,tracklet_790,
366,tracklet_791,
367,tracklet_792,
368,tracklet_793,
369,tracklet_794,
370,tracklet_916,
371,tracklet_917,
372,tracklet_918,
373,tracklet_6626,
374,tracklet_6627,
375,tracklet_976,
376,tracklet_977,
377,tracklet_978,
378,tracklet_4821,
379,tracklet_4822,
380,tracklet_4823,
381,tracklet_4824,
382,tracklet_1284,
383,tracklet_1285,
384,tracklet_1286,
385,tracklet_1287,
386,tracklet_1288,
387,tracklet_1289,
388,tracklet_1290,
389,tracklet_1291,
390,tracklet_3829,
391,tracklet_3830,
392,tracklet_3831,
393,tracklet_3832,
394,tracklet_3833,
395,tracklet_3834,
396,tracklet_3835,
397,tracklet_3836,
398,tracklet_3837,
399,tracklet_3838,
400,tracklet_3839,
401,tracklet_3840,
402,tracklet_3841,
403,tracklet_3842,
404,tracklet_1329,
405,tracklet_1330,
406,tracklet_1331,
407,tracklet_1332,
408,tracklet_1333,
409,tracklet_3805,
410,tracklet_3806,
411,tracklet_3807,
412,tracklet_3808,
413,tracklet_3809,
414,tracklet_3810,
415,tracklet_3811,
416,tracklet_3812,
417,tracklet_3813,
418,tracklet_3814,
419,tracklet_3947,
420,tracklet_3948,
421,tracklet_3949,
422,tracklet_3950,
423,tracklet_3961,
424,tracklet_3962,
425,tracklet_3963,
426,tracklet_3964,
427,tracklet_3965,
428,tracklet_3966,
429,tracklet_3967,
430,tracklet_3968,
431,tracklet_3969,
432,tracklet_3975,
433,tracklet_3976,
434,tracklet_3977,
435,tracklet_3978,
436,tracklet_3979,
437,tracklet_3980,
438,tracklet_3981,
439,tracklet_3982,
440,tracklet_3983,
441,tracklet_3984,
442,tracklet_3985,
443,tracklet_6735,
444,tracklet_6736,
445,tracklet_6737,
446,tracklet_6738,
447,tracklet_1427,
448,tracklet_1587,
449,tracklet_1588,
450,tracklet_2031,
451,tracklet_2032,
452,tracklet_2033,
453,tracklet_1787,
454,tracklet_1788,
455,tracklet_1789,
456,tracklet_4325,
457,tracklet_4326,
458,tracklet_4327,
459,tracklet_4328,
460,tracklet_4329,
461,tracklet_4330,
462,tracklet_4331,
463,tracklet_5305,
464,tracklet_344,
465,tracklet_345,
466,tracklet_346,
467,tracklet_347,
468,tracklet_4630,
469,tracklet_4631,
470,tracklet_4632,
471,tracklet_4633,
472,tracklet_4634,
473,tracklet_4635,
474,tracklet_4636,
475,tracklet_4637,
476,tracklet_4638,
477,tracklet_4639,
478,tracklet_528,
479,tracklet_529,
480,tracklet_530,
481,tracklet_531,
482,tracklet_532,
483,tracklet_533,
484,tracklet_534,
485,tracklet_535,
486,tracklet_536,
487,tracklet_537,
488,tracklet_5412,
489,tracklet_5413,
490,tracklet_5414,
491,tracklet_5415,
492,tracklet_5416,
493,tracklet_2331,
494,tracklet_2332,
495,tracklet_2333,
496,tracklet_2334,
497,tracklet_2335,
498,tracklet_5422,
499,tracklet_5423,
500,tracklet_5424,
501,tracklet_5425,
502,tracklet_2393,
503,tracklet_2394,
504,tracklet_2395,
505,tracklet_2396,
506,tracklet_2397,
507,tracklet_2398,
508,tracklet_2399,
509,tracklet_2476,
510,tracklet_2875,
511,tracklet_3058,
512,tracklet_3059,
513,tracklet_3060,
514,tracklet_3061,
515,tracklet_3062,
516,tracklet_3063,
517,tracklet_3064,
518,tracklet_3065,
519,tracklet_3066,
520,tracklet_3067,
521,tracklet_3068,
522,tracklet_3069,
523,tracklet_3070,
524,tracklet_3071,
525,tracklet_3072,
526,tracklet_3562,
527,tracklet_3563,
528,tracklet_3564,
529,tracklet_3565,
530,tracklet_3566,
531,tracklet_7103,
532,tracklet_7104,
533,tracklet_7105,
534,tracklet_7106,
535,tracklet_7107,
536,tracklet_7108,
537,tracklet_3591,
538,tracklet_3592,
539,tracklet_3593,
540,tracklet_3594,
541,tracklet_3595,
542,tracklet_3596,
543,tracklet_3597,
544,tracklet_3598,
545,tracklet_3599,
546,tracklet_3600,
547,tracklet_3601,
548,tracklet_3602,
549,tracklet_3603,
550,tracklet_3604,
551,tracklet_3605,
552,tracklet_3606,
553,tracklet_3657,
554,tracklet_3658,
555,tracklet_3659,
556,tracklet_5824,
557,tracklet_5825,
558,tracklet_1181,
559,tracklet_1182,
560,tracklet_3644,
561,tracklet_3645,
562,tracklet_3646,
563,tracklet_3647,
564,tracklet_3648,
565,tracklet_3649,
566,tracklet_3650,
567,tracklet_3690,
568,tracklet_3691,
569,tracklet_3692,
570,tracklet_3693,
571,tracklet_3694,
572,tracklet_3695,
573,tracklet_3696,
574,tracklet_3697,
575,tracklet_3698,
576,tracklet_3699,
577,tracklet_3706,
578,tracklet_3707,
579,tracklet_3708,
580,tracklet_3709,
581,tracklet_3710,
582,tracklet_3711,
583,tracklet_3712,
584,tracklet_3713,
585,tracklet_2720,
586,tracklet_2721,
587,tracklet_2722,
588,tracklet_2723,
589,tracklet_2724,
590,tracklet_2725,
591,tracklet_3736,
592,tracklet_3737,
593,tracklet_3738,
594,tracklet_3739,
595,tracklet_3740,
596,tracklet_3741,
597,tracklet_3742,
598,tracklet_3751,
599,tracklet_3752,
600,tracklet_3753,
601,tracklet_3754,
602,tracklet_3755,
603,tracklet_3756,
604,tracklet_3757,
605,tracklet_3758,
606,tracklet_3759,
607,tracklet_3760,
608,tracklet_3761,
609,tracklet_3762,
610,tracklet_3763,
611,tracklet_3764,
612,tracklet_3765,
613,tracklet_3766,
614,tracklet_3767,
615,tracklet_3768,
616,tracklet_3769,
617,tracklet_3770,
618,tracklet_3771,
619,tracklet_3772,
620,tracklet_3773,
621,tracklet_3774,
622,tracklet_3775,
623,tracklet_3776,
624,tracklet_3777,
625,tracklet_3778,
626,tracklet_3779,
627,tracklet_3780,
628,tracklet_3781,
629,tracklet_3782,
630,tracklet_3783,
631,tracklet_3784,
632,tracklet_3785,
633,tracklet_3786,
634,tracklet_3787,
635,tracklet_3820,
636,tracklet_3821,
637,tracklet_3822,
638,tracklet_2400,
639,tracklet_2401,
640,tracklet_4381,
641,tracklet_4382,
642,tracklet_4383,
643,tracklet_4384,
644,tracklet_4385,
645,tracklet_4386,
646,tracklet_4387,
647,tracklet_4388,
648,tracklet_4389,
649,tracklet_4390,
650,tracklet_4391,
651,tracklet_4392,
652,tracklet_4393,
653,tracklet_4394,
654,tracklet_4395,
655,tracklet_4396,
656,tracklet_4397,
657,tracklet_4398,
658,tracklet_4399,
659,tracklet_4400,
660,tracklet_4401,
661,tracklet_4402,
662,tracklet_4403,
663,tracklet_5225,
664,tracklet_5226,
665,tracklet_5227,
666,tracklet_5228,
667,tracklet_5229,
668,tracklet_5230,
669,tracklet_5231,
670,tracklet_5232,
671,tracklet_5233,
672,tracklet_5234,
673,tracklet_5235,
674,tracklet_5236,
675,tracklet_5237,
676,tracklet_5238,
677,tracklet_5239,
678,tracklet_5240,
679,tracklet_5241,
680,tracklet_5242,
681,tracklet_5243,
682,tracklet_5244,
683,tracklet_5245,
684,tracklet_5246,
685,tracklet_5355,
686,tracklet_5356,
687,tracklet_5357,
688,tracklet_5358,
689,tracklet_5359,
690,tracklet_5360,
691,tracklet_5361,
692,tracklet_5362,
693,tracklet_5363,
694,tracklet_5364,
695,tracklet_5365,
696,tracklet_5366,
697,tracklet_5367,
698,tracklet_5368,
699,tracklet_5442,
700,tracklet_5443,
701,tracklet_5444,
702,tracklet_5445,
703,tracklet_5446,
704,tracklet_5447,
705,tracklet_5448,
706,tracklet_5449,
707,tracklet_5450,
708,tracklet_5451,
709,tracklet_5452,
710,tracklet_5453,
711,tracklet_5454,
712,tracklet_5455,
713,tracklet_5456,
714,tracklet_5457,
715,tracklet_4508,
716,tracklet_4509,
717,tracklet_4510,
718,tracklet_4511,
719,tracklet_4512,
720,tracklet_4513,
721,tracklet_4514,
722,tracklet_4515,
723,tracklet_4516,
724,tracklet_2480,
725,tracklet_2481,
726,tracklet_2482,
727,tracklet_5141,
728,tracklet_5530,
729,tracklet_5531,
730,tracklet_5532,
731,tracklet_5533,
732,tracklet_5534,
733,tracklet_5102,
734,tracklet_5190,
735,tracklet_5191,
736,tracklet_5192,
737,tracklet_5193,
738,tracklet_5194,
739,tracklet_5195,
740,tracklet_5196,
741,tracklet_5197,
742,tracklet_5198,
743,tracklet_5199,
744,tracklet_5200,
745,tracklet_5201,
746,tracklet_5202,
747,tracklet_5203,
748,tracklet_4194,
749,tracklet_4195,
750,tracklet_5034,
751,tracklet_5035,
752,tracklet_5036,
753,tracklet_5037,
754,tracklet_5499,
755,tracklet_5500,
756,tracklet_5501,
757,tracklet_5574,
758,tracklet_5575,
759,tracklet_5576,
760,tracklet_5577,
761,tracklet_5578,
762,tracklet_5586,
763,tracklet_5587,
764,tracklet_5588,
765,tracklet_6266,
766,tracklet_6267,
767,tracklet_6268,
768,tracklet_6280,
769,tracklet_6281,
770,tracklet_6282,
771,tracklet_6283,
772,tracklet_6349,
773,tracklet_6350,
774,tracklet_6351,
775,tracklet_6352,
776,tracklet_6313,
777,tracklet_6314,
778,tracklet_6315,
779,tracklet_6316,
780,tracklet_6843,
781,tracklet_6844,
782,tracklet_6845,
783,tracklet_6846,
784,tracklet_6847,
785,tracklet_6848,
786,tracklet_6809,
787,tracklet_6810,
788,tracklet_6811,
789,tracklet_6812,
790,tracklet_6972,
791,tracklet_6973,
792,tracklet_6974,
793,tracklet_6975,
794,tracklet_6976,
795,tracklet_6977,
796,tracklet_6865,
797,tracklet_6866,
798,tracklet_6867,
799,tracklet_6868,
800,tracklet_6869,
801,tracklet_6870,
802,tracklet_6871,
803,tracklet_6872,
804,tracklet_6873,
805,tracklet_6874,
806,tracklet_6983,
807,tracklet_6984,
808,tracklet_6985,
809,tracklet_6986,
810,tracklet_6987,
811,tracklet_6988,
812,tracklet_6989,
813,tracklet_6990,
814,tracklet_6991,
815,tracklet_6992,
816,tracklet_6993,
817,tracklet_6994,
818,tracklet_7149,
819,tracklet_7150,
820,tracklet_7146,
821,tracklet_7147,
822,tracklet_7148,
823,tracklet_4535,
824,tracklet_4536,
825,tracklet_4537,
826,tracklet_4538,
827,tracklet_4539,
828,tracklet_4540,
829,tracklet_4541,
830,tracklet_4542,
831,tracklet_4543,
832,tracklet_4544,
833,tracklet_4726,
834,tracklet_4727,
835,tracklet_4728,
836,tracklet_4729,
837,tracklet_4730,
838,tracklet_4731,
839,tracklet_4732,
840,tracklet_4733,
841,tracklet_4734,
842,tracklet_4735,
843,tracklet_4736,
844,tracklet_4737,
845,tracklet_4738,
846,tracklet_4739,
847,tracklet_709,
848,tracklet_710,
849,tracklet_711,
850,tracklet_362,
851,tracklet_363,
852,tracklet_364,
853,tracklet_365,
854,tracklet_446,
855,tracklet_447,
856,tracklet_448,
857,tracklet_449,
858,tracklet_450,
859,tracklet_4520,
860,tracklet_4521,
861,tracklet_4522,
862,tracklet_4523,
863,tracklet_4524,
864,tracklet_4525,
865,tracklet_4526,
866,tracklet_4527,
867,tracklet_4528,
868,tracklet_4529,
869,tracklet_4530,
870,tracklet_4531,
871,tracklet_4532,
872,tracklet_4533,
873,tracklet_4534,
874,tracklet_623,
875,tracklet_624,
876,tracklet_625,
877,tracklet_626,
878,tracklet_627,
879,tracklet_6714,
880,tracklet_6715,
881,tracklet_6716,
882,tracklet_2806,
883,tracklet_2807,
884,tracklet_2808,
885,tracklet_2809,
886,tracklet_2810,
887,tracklet_2811,
888,tracklet_4424,
889,tracklet_4425,
890,tracklet_4426,
891,tracklet_4427,
892,tracklet_4428,
893,tracklet_5175,
894,tracklet_5176,
895,tracklet_5177,
896,tracklet_5178,
897,tracklet_5179,
898,tracklet_5180,
899,tracklet_5181,
900,tracklet_5182,
901,tracklet_5183,
902,tracklet_5184,
903,tracklet_5185,
904,tracklet_5186,
905,tracklet_5187,
906,tracklet_5188,
907,tracklet_5189,
908,tracklet_1988,
909,tracklet_849,
910,tracklet_850,
911,tracklet_851,
912,tracklet_852,
913,tracklet_853,
914,tracklet_854,
915,tracklet_628,
916,tracklet_629,
917,tracklet_630,
918,tracklet_631,
919,tracklet_632,
920,tracklet_633,
921,tracklet_634,
922,tracklet_635,
923,tracklet_636,
924,tracklet_637,
925,tracklet_638,
926,tracklet_639,
927,tracklet_640,
928,tracklet_21,
929,tracklet_22,
930,tracklet_23,
931,tracklet_24,
932,tracklet_25,
933,tracklet_26,
934,tracklet_27,
935,tracklet_28,
936,tracklet_37,
937,tracklet_38,
938,tracklet_39,
939,tracklet_51,
940,tracklet_52,
941,tracklet_53,
942,tracklet_54,
943,tracklet_55,
944,tracklet_56,
945,tracklet_57,
946,tracklet_58,
947,tracklet_77,
948,tracklet_78,
949,tracklet_79,
950,tracklet_80,
951,tracklet_81,
952,tracklet_82,
953,tracklet_83,
954,tracklet_87,
955,tracklet_88,
956,tracklet_89,
957,tracklet_90,
958,tracklet_101,
959,tracklet_126,
960,tracklet_127,
961,tracklet_128,
962,tracklet_129,
963,tracklet_130,
964,tracklet_131,
965,tracklet_132,
966,tracklet_133,
967,tracklet_134,
968,tracklet_144,
969,tracklet_145,
970,tracklet_146,
971,tracklet_147,
972,tracklet_148,
973,tracklet_149,
974,tracklet_150,
975,tracklet_157,
976,tracklet_158,
977,tracklet_159,
978,tracklet_160,
979,tracklet_162,
980,tracklet_163,
981,tracklet_164,
982,tracklet_165,
983,tracklet_166,
984,tracklet_167,
985,tracklet_168,
986,tracklet_169,
987,tracklet_170,
988,tracklet_171,
989,tracklet_172,
990,tracklet_173,
991,tracklet_174,
992,tracklet_175,
993,tracklet_176,
994,tracklet_177,
995,tracklet_182,
996,tracklet_189,
997,tracklet_190,
998,tracklet_191,
999,tracklet_192,
1000,tracklet_193,
1001,tracklet_194,
1002,tracklet_195,
1003,tracklet_196,
1004,tracklet_197,
1005,tracklet_198,
1006,tracklet_199,
1007,tracklet_200,
1008,tracklet_231,
1009,tracklet_232,
1010,tracklet_233,
1011,tracklet_234,
1012,tracklet_235,
1013,tracklet_236,
1014,tracklet_255,
1015,tracklet_262,
1016,tracklet_263,
1017,tracklet_264,
1018,tracklet_265,
1019,tracklet_266,
1020,tracklet_275,
1021,tracklet_276,
1022,tracklet_277,
1023,tracklet_278,
1024,tracklet_279,
1025,tracklet_280,
1026,tracklet_311,
1027,tracklet_312,
1028,tracklet_313,
1029,tracklet_341,
1030,tracklet_342,
1031,tracklet_343,
1032,tracklet_421,
1033,tracklet_422,
1034,tracklet_423,
1035,tracklet_424,
1036,tracklet_425,
1037,tracklet_426,
1038,tracklet_427,
1039,tracklet_428,
1040,tracklet_429,
1041,tracklet_433,
1042,tracklet_434,
1043,tracklet_435,
1044,tracklet_436,
1045,tracklet_440,
1046,tracklet_441,
1047,tracklet_442,
1048,tracklet_443,
1049,tracklet_451,
1050,tracklet_452,
1051,tracklet_453,
1052,tracklet_454,
1053,tracklet_455,
1054,tracklet_456,
1055,tracklet_457,
1056,tracklet_461,
1057,tracklet_462,
1058,tracklet_463,
1059,tracklet_489,
1060,tracklet_490,
1061,tracklet_491,
1062,tracklet_492,
1063,tracklet_504,
1064,tracklet_505,
1065,tracklet_506,
1066,tracklet_507,
1067,tracklet_508,
1068,tracklet_550,
1069,tracklet_551,
1070,tracklet_552,
1071,tracklet_553,
1072,tracklet_554,
1073,tracklet_555,
1074,tracklet_557,
1075,tracklet_558,
1076,tracklet_559,
1077,tracklet_560,
1078,tracklet_561,
1079,tracklet_562,
1080,tracklet_563,
1081,tracklet_564,
1082,tracklet_569,
1083,tracklet_570,
1084,tracklet_571,
1085,tracklet_572,
1086,tracklet_573,
1087,tracklet_578,
1088,tracklet_579,
1089,tracklet_581,
1090,tracklet_592,
1091,tracklet_593,
1092,tracklet_594,
1093,tracklet_603,
1094,tracklet_641,
1095,tracklet_642,
1096,tracklet_643,
1097,tracklet_644,
1098,tracklet_645,
1099,tracklet_653,
1100,tracklet_654,
1101,tracklet_655,
1102,tracklet_656,
1103,tracklet_657,
1104,tracklet_658,
1105,tracklet_659,
1106,tracklet_660,
1107,tracklet_662,
1108,tracklet_663,
1109,tracklet_664,
1110,tracklet_665,
1111,tracklet_666,
1112,tracklet_667,
1113,tracklet_669,
1114,tracklet_675,
1115,tracklet_676,
1116,tracklet_677,
1117,tracklet_692,
1118,tracklet_694,
1119,tracklet_695,
1120,tracklet_696,
1121,tracklet_724,
1122,tracklet_725,
1123,tracklet_726,
1124,tracklet_727,
1125,tracklet_728,
1126,tracklet_729,
1127,tracklet_730,
1128,tracklet_747,
1129,tracklet_748,
1130,tracklet_749,
1131,tracklet_750,
1132,tracklet_751,
1133,tracklet_752,
1134,tracklet_753,
1135,tracklet_785,
1136,tracklet_786,
1137,tracklet_787,
1138,tracklet_788,
1139,tracklet_795,
1140,tracklet_796,
1141,tracklet_829,
1142,tracklet_830,
1143,tracklet_831,
1144,tracklet_847,
1145,tracklet_885,
1146,tracklet_886,
1147,tracklet_887,
1148,tracklet_888,
1149,tracklet_889,
1150,tracklet_890,
1151,tracklet_911,
1152,tracklet_912,
1153,tracklet_923,
1154,tracklet_931,
1155,tracklet_932,
1156,tracklet_933,
1157,tracklet_934,
1158,tracklet_935,
1159,tracklet_936,
1160,tracklet_937,
1161,tracklet_938,
1162,tracklet_939,
1163,tracklet_940,
1164,tracklet_941,
1165,tracklet_942,
1166,tracklet_943,
1167,tracklet_944,
1168,tracklet_945,
1169,tracklet_958,
1170,tracklet_963,
1171,tracklet_964,
1172,tracklet_965,
1173,tracklet_966,
1174,tracklet_973,
1175,tracklet_974,
1176,tracklet_975,
1177,tracklet_979,
1178,tracklet_980,
1179,tracklet_981,
1180,tracklet_982,
1181,tracklet_983,
1182,tracklet_984,
1183,tracklet_985,
1184,tracklet_986,
1185,tracklet_989,
1186,tracklet_990,
1187,tracklet_1000,
1188,tracklet_1001,
1189,tracklet_1002,
1190,tracklet_1005,
1191,tracklet_1006,
1192,tracklet_1007,
1193,tracklet_1008,
1194,tracklet_1009,
1195,tracklet_1010,
1196,tracklet_1011,
1197,tracklet_1016,
1198,tracklet_1017,
1199,tracklet_1018,
1200,tracklet_1019,
1201,tracklet_1020,
1202,tracklet_1021,
1203,tracklet_1022,
1204,tracklet_1037,
1205,tracklet_1038,
1206,tracklet_1039,
1207,tracklet_1040,
1208,tracklet_1058,
1209,tracklet_1059,
1210,tracklet_1060,
1211,tracklet_1061,
1212,tracklet_1062,
1213,tracklet_1077,
1214,tracklet_1078,
1215,tracklet_1097,
1216,tracklet_1098,
1217,tracklet_1099,
1218,tracklet_1115,
1219,tracklet_1116,
1220,tracklet_1117,
1221,tracklet_1118,
1222,tracklet_1160,
1223,tracklet_1161,
1224,tracklet_1162,
1225,tracklet_1163,
1226,tracklet_1164,
1227,tracklet_1183,
1228,tracklet_1184,
1229,tracklet_1185,
1230,tracklet_1186,
1231,tracklet_1187,
1232,tracklet_1188,
1233,tracklet_1189,
1234,tracklet_1190,
1235,tracklet_1191,
1236,tracklet_1192,
1237,tracklet_1199,
1238,tracklet_1200,
1239,tracklet_1216,
1240,tracklet_1217,
1241,tracklet_1218,
1242,tracklet_1219,
1243,tracklet_1220,
1244,tracklet_1223,
1245,tracklet_1235,
1246,tracklet_1236,
1247,tracklet_1237,
1248,tracklet_1238,
1249,tracklet_1242,
1250,tracklet_1243,
1251,tracklet_1244,
1252,tracklet_1251,
1253,tracklet_1252,
1254,tracklet_1253,
1255,tracklet_1254,
1256,tracklet_1255,
1257,tracklet_1259,
1258,tracklet_1260,
1259,tracklet_1264,
1260,tracklet_1265,
1261,tracklet_1266,
1262,tracklet_1267,
1263,tracklet_1268,
1264,tracklet_1269,
1265,tracklet_1270,
1266,tracklet_1271,
1267,tracklet_1272,
1268,tracklet_1276,
1269,tracklet_1277,
1270,tracklet_1278,
1271,tracklet_1282,
1272,tracklet_1283,
1273,tracklet_1313,
1274,tracklet_1314,
1275,tracklet_1315,
1276,tracklet_1316,
1277,tracklet_1317,
1278,tracklet_1318,
1279,tracklet_1319,
1280,tracklet_1320,
1281,tracklet_1334,
1282,tracklet_1335,
1283,tracklet_1378,
1284,tracklet_1379,
1285,tracklet_1380,
1286,tracklet_1381,
1287,tracklet_1382,
1288,tracklet_1383,
1289,tracklet_1386,
1290,tracklet_1387,
1291,tracklet_1388,
1292,tracklet_1389,
1293,tracklet_1390,
1294,tracklet_1391,
1295,tracklet_1392,
1296,tracklet_1428,
1297,tracklet_1429,
1298,tracklet_1430,
1299,tracklet_1431,
1300,tracklet_1432,
1301,tracklet_1433,
1302,tracklet_1434,
1303,tracklet_1435,
1304,tracklet_1471,
1305,tracklet_1472,
1306,tracklet_1473,
1307,tracklet_1474,
1308,tracklet_1475,
1309,tracklet_1476,
1310,tracklet_1477,
1311,tracklet_1478,
1312,tracklet_1479,
1313,tracklet_1480,
1314,tracklet_1481,
1315,tracklet_1482,
1316,tracklet_1483,
1317,tracklet_1484,
1318,tracklet_1485,
1319,tracklet_1486,
1320,tracklet_1487,
1321,tracklet_1488,
1322,tracklet_1489,
1323,tracklet_1497,
1324,tracklet_1498,
1325,tracklet_1499,
1326,tracklet_1500,
1327,tracklet_1501,
1328,tracklet_1508,
1329,tracklet_1509,
1330,tracklet_1510,
1331,tracklet_1518,
1332,tracklet_1519,
1333,tracklet_1520,
1334,tracklet_1521,
1335,tracklet_1548,
1336,tracklet_1549,
1337,tracklet_1550,
1338,tracklet_1551,
1339,tracklet_1552,
1340,tracklet_1559,
1341,tracklet_1560,
1342,tracklet_1561,
1343,tracklet_1562,
1344,tracklet_1563,
1345,tracklet_1577,
1346,tracklet_1578,
1347,tracklet_1579,
1348,tracklet_1589,
1349,tracklet_1590,
1350,tracklet_1591,
1351,tracklet_1592,
1352,tracklet_1598,
1353,tracklet_1599,
1354,tracklet_1600,
1355,tracklet_1601,
1356,tracklet_1602,
1357,tracklet_1619,
1358,tracklet_1620,
1359,tracklet_1621,
1360,tracklet_1622,
1361,tracklet_1623,
1362,tracklet_1624,
1363,tracklet_1625,
1364,tracklet_1635,
1365,tracklet_1636,
1366,tracklet_1641,
1367,tracklet_1642,
1368,tracklet_1643,
1369,tracklet_1644,
1370,tracklet_1646,
1371,tracklet_1647,
1372,tracklet_1677,
1373,tracklet_1678,
1374,tracklet_1679,
1375,tracklet_1680,
1376,tracklet_1686,
1377,tracklet_1687,
1378,tracklet_1688,
1379,tracklet_1703,
1380,tracklet_1704,
1381,tracklet_1705,
1382,tracklet_1706,
1383,tracklet_1707,
1384,tracklet_1708,
1385,tracklet_1709,
1386,tracklet_1710,
1387,tracklet_1711,
1388,tracklet_1712,
1389,tracklet_1713,
1390,tracklet_1714,
1391,tracklet_1715,
1392,tracklet_1716,
1393,tracklet_1726,
1394,tracklet_1727,
1395,tracklet_1728,
1396,tracklet_1729,
1397,tracklet_1730,
1398,tracklet_1731,
1399,tracklet_1732,
1400,tracklet_1733,
1401,tracklet_1734,
1402,tracklet_1735,
1403,tracklet_1736,
1404,tracklet_1745,
1405,tracklet_1746,
1406,tracklet_1747,
1407,tracklet_1748,
1408,tracklet_1749,
1409,tracklet_1750,
1410,tracklet_1751,
1411,tracklet_1752,
1412,tracklet_1753,
1413,tracklet_1754,
1414,tracklet_1755,
1415,tracklet_1756,
1416,tracklet_1757,
1417,tracklet_1758,
1418,tracklet_1759,
1419,tracklet_1780,
1420,tracklet_1783,
1421,tracklet_1784,
1422,tracklet_1785,
1423,tracklet_1786,
1424,tracklet_1790,
1425,tracklet_1791,
1426,tracklet_1792,
1427,tracklet_1793,
1428,tracklet_1800,
1429,tracklet_1801,
1430,tracklet_1802,
1431,tracklet_1803,
1432,tracklet_1804,
1433,tracklet_1807,
1434,tracklet_1808,
1435,tracklet_1809,
1436,tracklet_1810,
1437,tracklet_1811,
1438,tracklet_1815,
1439,tracklet_1816,
1440,tracklet_1817,
1441,tracklet_1818,
1442,tracklet_1819,
1443,tracklet_1820,
1444,tracklet_1821,
1445,tracklet_1822,
1446,tracklet_1830,
1447,tracklet_1831,
1448,tracklet_1832,
1449,tracklet_1833,
1450,tracklet_1834,
1451,tracklet_1835,
1452,tracklet_1836,
1453,tracklet_1837,
1454,tracklet_1838,
1455,tracklet_1841,
1456,tracklet_1842,
1457,tracklet_1843,
1458,tracklet_1844,
1459,tracklet_1866,
1460,tracklet_1868,
1461,tracklet_1869,
1462,tracklet_1870,
1463,tracklet_1871,
1464,tracklet_1872,
1465,tracklet_1888,
1466,tracklet_1889,
1467,tracklet_1890,
1468,tracklet_1891,
1469,tracklet_1892,
1470,tracklet_1893,
1471,tracklet_1894,
1472,tracklet_1895,
1473,tracklet_1899,
1474,tracklet_1900,
1475,tracklet_1901,
1476,tracklet_1902,
1477,tracklet_1903,
1478,tracklet_1904,
1479,tracklet_1905,
1480,tracklet_1906,
1481,tracklet_1907,
1482,tracklet_1908,
1483,tracklet_1909,
1484,tracklet_1949,
1485,tracklet_1950,
1486,tracklet_1951,
1487,tracklet_1958,
1488,tracklet_1962,
1489,tracklet_1971,
1490,tracklet_1972,
1491,tracklet_1973,
1492,tracklet_1974,
1493,tracklet_1975,
1494,tracklet_1976,
1495,tracklet_1984,
1496,tracklet_1985,
1497,tracklet_1986,
1498,tracklet_1987,
1499,tracklet_1995,
1500,tracklet_1996,
1501,tracklet_1997,
1502,tracklet_1998,
1503,tracklet_1999,
1504,tracklet_2000,
1505,tracklet_2006,
1506,tracklet_2007,
1507,tracklet_2008,
1508,tracklet_2009,
1509,tracklet_2021,
1510,tracklet_2022,
1511,tracklet_2023,
1512,tracklet_2024,
1513,tracklet_2025,
1514,tracklet_2026,
1515,tracklet_2027,
1516,tracklet_2028,
1517,tracklet_2029,
1518,tracklet_2030,
1519,tracklet_2037,
1520,tracklet_2038,
1521,tracklet_2039,
1522,tracklet_2040,
1523,tracklet_2041,
1524,tracklet_2042,
1525,tracklet_2043,
1526,tracklet_2044,
1527,tracklet_2056,
1528,tracklet_2057,
1529,tracklet_2064,
1530,tracklet_2065,
1531,tracklet_2066,
1532,tracklet_2067,
1533,tracklet_2068,
1534,tracklet_2069,
1535,tracklet_2070,
1536,tracklet_2075,
1537,tracklet_2076,
1538,tracklet_2077,
1539,tracklet_2078,
1540,tracklet_2079,
1541,tracklet_2080,
1542,tracklet_2081,
1543,tracklet_2087,
1544,tracklet_2088,
1545,tracklet_2089,
1546,tracklet_2090,
1547,tracklet_2108,
1548,tracklet_2109,
1549,tracklet_2110,
1550,tracklet_2111,
1551,tracklet_2112,
1552,tracklet_2113,
1553,tracklet_2114,
1554,tracklet_2138,
1555,tracklet_2139,
1556,tracklet_2140,
1557,tracklet_2141,
1558,tracklet_2155,
1559,tracklet_2156,
1560,tracklet_2157,
1561,tracklet_2178,
1562,tracklet_2179,
1563,tracklet_2180,
1564,tracklet_2200,
1565,tracklet_2201,
1566,tracklet_2202,
1567,tracklet_2203,
1568,tracklet_2204,
1569,tracklet_2216,
1570,tracklet_2217,
1571,tracklet_2218,
1572,tracklet_2219,
1573,tracklet_2220,
1574,tracklet_2221,
1575,tracklet_2222,
1576,tracklet_2227,
1577,tracklet_2228,
1578,tracklet_2229,
1579,tracklet_2230,
1580,tracklet_2231,
1581,tracklet_2232,
1582,tracklet_2233,
1583,tracklet_2234,
1584,tracklet_2235,
1585,tracklet_2236,
1586,tracklet_2237,
1587,tracklet_2238,
1588,tracklet_2239,
1589,tracklet_2240,
1590,tracklet_2241,
1591,tracklet_2242,
1592,tracklet_2243,
1593,tracklet_2255,
1594,tracklet_2256,
1595,tracklet_2257,
1596,tracklet_2258,
1597,tracklet_2259,
1598,tracklet_2260,
1599,tracklet_2261,
1600,tracklet_2262,
1601,tracklet_2263,
1602,tracklet_2264,
1603,tracklet_2265,
1604,tracklet_2267,
1605,tracklet_2268,
1606,tracklet_2279,
1607,tracklet_2280,
1608,tracklet_2281,
1609,tracklet_2282,
1610,tracklet_2283,
1611,tracklet_2284,
1612,tracklet_2285,
1613,tracklet_2286,
1614,tracklet_2305,
1615,tracklet_2306,
1616,tracklet_2307,
1617,tracklet_2308,
1618,tracklet_2309,
1619,tracklet_2310,
1620,tracklet_2415,
1621,tracklet_2416,
1622,tracklet_2417,
1623,tracklet_2418,
1624,tracklet_2419,
1625,tracklet_2420,
1626,tracklet_2421,
1627,tracklet_2422,
1628,tracklet_2446,
1629,tracklet_2447,
1630,tracklet_2463,
1631,tracklet_2464,
1632,tracklet_2465,
1633,tracklet_2466,
1634,tracklet_2467,
1635,tracklet_2468,
1636,tracklet_2469,
1637,tracklet_2470,
1638,tracklet_2471,
1639,tracklet_2472,
1640,tracklet_2473,
1641,tracklet_2474,
1642,tracklet_2475,
1643,tracklet_2477,
1644,tracklet_2478,
1645,tracklet_2479,
1646,tracklet_2483,
1647,tracklet_2484,
1648,tracklet_2485,
1649,tracklet_2486,
1650,tracklet_2487,
1651,tracklet_2488,
1652,tracklet_2489,
1653,tracklet_2490,
1654,tracklet_2491,
1655,tracklet_2497,
1656,tracklet_2498,
1657,tracklet_2511,
1658,tracklet_2512,
1659,tracklet_2513,
1660,tracklet_2514,
1661,tracklet_2515,
1662,tracklet_2516,
1663,tracklet_2517,
1664,tracklet_2518,
1665,tracklet_2539,
1666,tracklet_2540,
1667,tracklet_2541,
1668,tracklet_2542,
1669,tracklet_2543,
1670,tracklet_2544,
1671,tracklet_2561,
1672,tracklet_2562,
1673,tracklet_2563,
1674,tracklet_2564,
1675,tracklet_2565,
1676,tracklet_2566,
1677,tracklet_2567,
1678,tracklet_2575,
1679,tracklet_2576,
1680,tracklet_2577,
1681,tracklet_2580,
1682,tracklet_2581,
1683,tracklet_2582,
1684,tracklet_2583,
1685,tracklet_2584,
1686,tracklet_2585,
1687,tracklet_2587,
1688,tracklet_2588,
1689,tracklet_2589,
1690,tracklet_2590,
1691,tracklet_2591,
1692,tracklet_2592,
1693,tracklet_2593,
1694,tracklet_2594,
1695,tracklet_2595,
1696,tracklet_2596,
1697,tracklet_2597,
1698,tracklet_2598,
1699,tracklet_2599,
1700,tracklet_2607,
1701,tracklet_2608,
1702,tracklet_2609,
1703,tracklet_2610,
1704,tracklet_2611,
1705,tracklet_2613,
1706,tracklet_2614,
1707,tracklet_2615,
1708,tracklet_2616,
1709,tracklet_2617,
1710,tracklet_2618,
1711,tracklet_2619,
1712,tracklet_2620,
1713,tracklet_2639,
1714,tracklet_2640,
1715,tracklet_2641,
1716,tracklet_2642,
1717,tracklet_2643,
1718,tracklet_2644,
1719,tracklet_2645,
1720,tracklet_2646,
1721,tracklet_2647,
1722,tracklet_2648,
1723,tracklet_2649,
1724,tracklet_2650,
1725,tracklet_2651,
1726,tracklet_2652,
1727,tracklet_2653,
1728,tracklet_2654,
1729,tracklet_2655,
1730,tracklet_2656,
1731,tracklet_2657,
1732,tracklet_2660,
1733,tracklet_2661,
1734,tracklet_2662,
1735,tracklet_2663,
1736,tracklet_2664,
1737,tracklet_2671,
1738,tracklet_2672,
1739,tracklet_2673,
1740,tracklet_2674,
1741,tracklet_2675,
1742,tracklet_2676,
1743,tracklet_2677,
1744,tracklet_2678,
1745,tracklet_2679,
1746,tracklet_2680,
1747,tracklet_2686,
1748,tracklet_2687,
1749,tracklet_2688,
1750,tracklet_2726,
1751,tracklet_2727,
1752,tracklet_2745,
1753,tracklet_2746,
1754,tracklet_2771,
1755,tracklet_2772,
1756,tracklet_2773,
1757,tracklet_2774,
1758,tracklet_2775,
1759,tracklet_2776,
1760,tracklet_2781,
1761,tracklet_2782,
1762,tracklet_2783,
1763,tracklet_2784,
1764,tracklet_2785,
1765,tracklet_2786,
1766,tracklet_2787,
1767,tracklet_2833,
1768,tracklet_2834,
1769,tracklet_2835,
1770,tracklet_2836,
1771,tracklet_2837,
1772,tracklet_2838,
1773,tracklet_2839,
1774,tracklet_2840,
1775,tracklet_2841,
1776,tracklet_2842,
1777,tracklet_2843,
1778,tracklet_2844,
1779,tracklet_2845,
1780,tracklet_2864,
1781,tracklet_2865,
1782,tracklet_2866,
1783,tracklet_2867,
1784,tracklet_2868,
1785,tracklet_2869,
1786,tracklet_2870,
1787,tracklet_2871,
1788,tracklet_2872,
1789,tracklet_2873,
1790,tracklet_2874,
1791,tracklet_2876,
1792,tracklet_2877,
1793,tracklet_2878,
1794,tracklet_2880,
1795,tracklet_2881,
1796,tracklet_2882,
1797,tracklet_2883,
1798,tracklet_2884,
1799,tracklet_2885,
1800,tracklet_2886,
1801,tracklet_2887,
1802,tracklet_2888,
1803,tracklet_2889,
1804,tracklet_2890,
1805,tracklet_2891,
1806,tracklet_2892,
1807,tracklet_2893,
1808,tracklet_2894,
1809,tracklet_2895,
1810,tracklet_2896,
1811,tracklet_2897,
1812,tracklet_2898,
1813,tracklet_2899,
1814,tracklet_2900,
1815,tracklet_2901,
1816,tracklet_2902,
1817,tracklet_2903,
1818,tracklet_2911,
1819,tracklet_2912,
1820,tracklet_2913,
1821,tracklet_2931,
1822,tracklet_2932,
1823,tracklet_2933,
1824,tracklet_2934,
1825,tracklet_2935,
1826,tracklet_2936,
1827,tracklet_2937,
1828,tracklet_2938,
1829,tracklet_2941,
1830,tracklet_2942,
1831,tracklet_2943,
1832,tracklet_2951,
1833,tracklet_2952,
1834,tracklet_2953,
1835,tracklet_2954,
1836,tracklet_2955,
1837,tracklet_2956,
1838,tracklet_2957,
1839,tracklet_2958,
1840,tracklet_2959,
1841,tracklet_2960,
1842,tracklet_2961,
1843,tracklet_2962,
1844,tracklet_2963,
1845,tracklet_2964,
1846,tracklet_2965,
1847,tracklet_2966,
1848,tracklet_2967,
1849,tracklet_2974,
1850,tracklet_2975,
1851,tracklet_2976,
1852,tracklet_2983,
1853,tracklet_2984,
1854,tracklet_2985,
1855,tracklet_2986,
1856,tracklet_2994,
1857,tracklet_2995,
1858,tracklet_2996,
1859,tracklet_3001,
1860,tracklet_3007,
1861,tracklet_3008,
1862,tracklet_3009,
1863,tracklet_3010,
1864,tracklet_3011,
1865,tracklet_3012,
1866,tracklet_3020,
1867,tracklet_3021,
1868,tracklet_3022,
1869,tracklet_3023,
1870,tracklet_3024,
1871,tracklet_3035,
1872,tracklet_3036,
1873,tracklet_3037,
1874,tracklet_3038,
1875,tracklet_3039,
1876,tracklet_3040,
1877,tracklet_3041,
1878,tracklet_3042,
1879,tracklet_3043,
1880,tracklet_3082,
1881,tracklet_3083,
1882,tracklet_3084,
1883,tracklet_3085,
1884,tracklet_3086,
1885,tracklet_3087,
1886,tracklet_3088,
1887,tracklet_3089,
1888,tracklet_3090,
1889,tracklet_3098,
1890,tracklet_3099,
1891,tracklet_3100,
1892,tracklet_3101,
1893,tracklet_3102,
1894,tracklet_3103,
1895,tracklet_3104,
1896,tracklet_3105,
1897,tracklet_3106,
1898,tracklet_3107,
1899,tracklet_3108,
1900,tracklet_3109,
1901,tracklet_3110,
1902,tracklet_3112,
1903,tracklet_3113,
1904,tracklet_3114,
1905,tracklet_3128,
1906,tracklet_3129,
1907,tracklet_3130,
1908,tracklet_3131,
1909,tracklet_3132,
1910,tracklet_3133,
1911,tracklet_3139,
1912,tracklet_3140,
1913,tracklet_3152,
1914,tracklet_3153,
1915,tracklet_3154,
1916,tracklet_3155,
1917,tracklet_3156,
1918,tracklet_3169,
1919,tracklet_3170,
1920,tracklet_3175,
1921,tracklet_3176,
1922,tracklet_3181,
1923,tracklet_3182,
1924,tracklet_3183,
1925,tracklet_3184,
1926,tracklet_3185,
1927,tracklet_3186,
1928,tracklet_3187,
1929,tracklet_3188,
1930,tracklet_3189,
1931,tracklet_3190,
1932,tracklet_3191,
1933,tracklet_3192,
1934,tracklet_3193,
1935,tracklet_3194,
1936,tracklet_3195,
1937,tracklet_3196,
1938,tracklet_3197,
1939,tracklet_3198,
1940,tracklet_3199,
1941,tracklet_3200,
1942,tracklet_3201,
1943,tracklet_3202,
1944,tracklet_3203,
1945,tracklet_3204,
1946,tracklet_3205,
1947,tracklet_3234,
1948,tracklet_3235,
1949,tracklet_3236,
1950,tracklet_3237,
1951,tracklet_3238,
1952,tracklet_3239,
1953,tracklet_3240,
1954,tracklet_3241,
1955,tracklet_3242,
1956,tracklet_3243,
1957,tracklet_3246,
1958,tracklet_3247,
1959,tracklet_3248,
1960,tracklet_3249,
1961,tracklet_3250,
1962,tracklet_3251,
1963,tracklet_3252,
1964,tracklet_3253,
1965,tracklet_3254,
1966,tracklet_3256,
1967,tracklet_3257,
1968,tracklet_3258,
1969,tracklet_3259,
1970,tracklet_3265,
1971,tracklet_3266,
1972,tracklet_3267,
1973,tracklet_3268,
1974,tracklet_3269,
1975,tracklet_3270,
1976,tracklet_3274,
1977,tracklet_3275,
1978,tracklet_3276,
1979,tracklet_3277,
1980,tracklet_3345,
1981,tracklet_3346,
1982,tracklet_3347,
1983,tracklet_3348,
1984,tracklet_3349,
1985,tracklet_3350,
1986,tracklet_3351,
1987,tracklet_3352,
1988,tracklet_3353,
1989,tracklet_3361,
1990,tracklet_3362,
1991,tracklet_3363,
1992,tracklet_3364,
1993,tracklet_3373,
1994,tracklet_3374,
1995,tracklet_3375,
1996,tracklet_3376,
1997,tracklet_3377,
1998,tracklet_3378,
1999,tracklet_3379,
2000,tracklet_3380,
2001,tracklet_3381,
2002,tracklet_3382,
2003,tracklet_3383,
2004,tracklet_3384,
2005,tracklet_3385,
2006,tracklet_3386,
2007,tracklet_3387,
2008,tracklet_3388,
2009,tracklet_3389,
2010,tracklet_3390,
2011,tracklet_3391,
2012,tracklet_3392,
2013,tracklet_3393,
2014,tracklet_3394,
2015,tracklet_3395,
2016,tracklet_3396,
2017,tracklet_3397,
2018,tracklet_3398,
2019,tracklet_3399,
2020,tracklet_3409,
2021,tracklet_3410,
2022,tracklet_3411,
2023,tracklet_3412,
2024,tracklet_3460,
2025,tracklet_3461,
2026,tracklet_3462,
2027,tracklet_3473,
2028,tracklet_3474,
2029,tracklet_3475,
2030,tracklet_3476,
2031,tracklet_3477,
2032,tracklet_3478,
2033,tracklet_3483,
2034,tracklet_3487,
2035,tracklet_3488,
2036,tracklet_3489,
2037,tracklet_3490,
2038,tracklet_3497,
2039,tracklet_3498,
2040,tracklet_3512,
2041,tracklet_3513,
2042,tracklet_3514,
2043,tracklet_3515,
2044,tracklet_3516,
2045,tracklet_3517,
2046,tracklet_3518,
2047,tracklet_3519,
2048,tracklet_3523,
2049,tracklet_3524,
2050,tracklet_3525,
2051,tracklet_3534,
2052,tracklet_3535,
2053,tracklet_3536,
2054,tracklet_3537,
2055,tracklet_3538,
2056,tracklet_3539,
2057,tracklet_3570,
2058,tracklet_3571,
2059,tracklet_3572,
2060,tracklet_3574,
2061,tracklet_3641,
2062,tracklet_3642,
2063,tracklet_3643,
2064,tracklet_3665,
2065,tracklet_3666,
2066,tracklet_3667,
2067,tracklet_3668,
2068,tracklet_3669,
2069,tracklet_3670,
2070,tracklet_3671,
2071,tracklet_3672,
2072,tracklet_3673,
2073,tracklet_3674,
2074,tracklet_3675,
2075,tracklet_3676,
2076,tracklet_3677,
2077,tracklet_3680,
2078,tracklet_3681,
2079,tracklet_3714,
2080,tracklet_3715,
2081,tracklet_3716,
2082,tracklet_3717,
2083,tracklet_3718,
2084,tracklet_3724,
2085,tracklet_3725,
2086,tracklet_3726,
2087,tracklet_3727,
2088,tracklet_3728,
2089,tracklet_3729,
2090,tracklet_3799,
2091,tracklet_3800,
2092,tracklet_3801,
2093,tracklet_3802,
2094,tracklet_3803,
2095,tracklet_3804,
2096,tracklet_3815,
2097,tracklet_3816,
2098,tracklet_3823,
2099,tracklet_3824,
2100,tracklet_3825,
2101,tracklet_3826,
2102,tracklet_3877,
2103,tracklet_3878,
2104,tracklet_3879,
2105,tracklet_3880,
2106,tracklet_3881,
2107,tracklet_3882,
2108,tracklet_3883,
2109,tracklet_3884,
2110,tracklet_3885,
2111,tracklet_3886,
2112,tracklet_3898,
2113,tracklet_3899,
2114,tracklet_3900,
2115,tracklet_3901,
2116,tracklet_3902,
2117,tracklet_3903,
2118,tracklet_3904,
2119,tracklet_3905,
2120,tracklet_3920,
2121,tracklet_3921,
2122,tracklet_3922,
2123,tracklet_3926,
2124,tracklet_3927,
2125,tracklet_3928,
2126,tracklet_3929,
2127,tracklet_3930,
2128,tracklet_3931,
2129,tracklet_3932,
2130,tracklet_3933,
2131,tracklet_3934,
2132,tracklet_3935,
2133,tracklet_3936,
2134,tracklet_3937,
2135,tracklet_3938,
2136,tracklet_3986,
2137,tracklet_3987,
2138,tracklet_4030,
2139,tracklet_4031,
2140,tracklet_4032,
2141,tracklet_4033,
2142,tracklet_4034,
2143,tracklet_4035,
2144,tracklet_4036,
2145,tracklet_4188,
2146,tracklet_4189,
2147,tracklet_4190,
2148,tracklet_4191,
2149,tracklet_4192,
2150,tracklet_4193,
2151,tracklet_4196,
2152,tracklet_4197,
2153,tracklet_4198,
2154,tracklet_4199,
2155,tracklet_4200,
2156,tracklet_4201,
2157,tracklet_4214,
2158,tracklet_4215,
2159,tracklet_4216,
2160,tracklet_4217,
2161,tracklet_4218,
2162,tracklet_4219,
2163,tracklet_4220,
2164,tracklet_4221,
2165,tracklet_4222,
2166,tracklet_4223,
2167,tracklet_4224,
2168,tracklet_4225,
2169,tracklet_4226,
2170,tracklet_4243,
2171,tracklet_4260,
2172,tracklet_4261,
2173,tracklet_4262,
2174,tracklet_4263,
2175,tracklet_4264,
2176,tracklet_4265,
2177,tracklet_4266,
2178,tracklet_4267,
2179,tracklet_4268,
2180,tracklet_4269,
2181,tracklet_4270,
2182,tracklet_4271,
2183,tracklet_4272,
2184,tracklet_4273,
2185,tracklet_4274,
2186,tracklet_4275,
2187,tracklet_4276,
2188,tracklet_4277,
2189,tracklet_4278,
2190,tracklet_4279,
2191,tracklet_4280,
2192,tracklet_4281,
2193,tracklet_4282,
2194,tracklet_4283,
2195,tracklet_4284,
2196,tracklet_4285,
2197,tracklet_4286,
2198,tracklet_4287,
2199,tracklet_4288,
2200,tracklet_4289,
2201,tracklet_4296,
2202,tracklet_4297,
2203,tracklet_4298,
2204,tracklet_4318,
2205,tracklet_4332,
2206,tracklet_4333,
2207,tracklet_4350,
2208,tracklet_4351,
2209,tracklet_4352,
2210,tracklet_4353,
2211,tracklet_4354,
2212,tracklet_4355,
2213,tracklet_4356,
2214,tracklet_4357,
2215,tracklet_4358,
2216,tracklet_4359,
2217,tracklet_4360,
2218,tracklet_4361,
2219,tracklet_4362,
2220,tracklet_4363,
2221,tracklet_4412,
2222,tracklet_4413,
2223,tracklet_4414,
2224,tracklet_4415,
2225,tracklet_4416,
2226,tracklet_4417,
2227,tracklet_4418,
2228,tracklet_4419,
2229,tracklet_4420,
2230,tracklet_4431,
2231,tracklet_4432,
2232,tracklet_4433,
2233,tracklet_4434,
2234,tracklet_4435,
2235,tracklet_4460,
2236,tracklet_4461,
2237,tracklet_4462,
2238,tracklet_4463,
2239,tracklet_4464,
2240,tracklet_4465,
2241,tracklet_4466,
2242,tracklet_4467,
2243,tracklet_4468,
2244,tracklet_4469,
2245,tracklet_4470,
2246,tracklet_4471,
2247,tracklet_4484,
2248,tracklet_4485,
2249,tracklet_4491,
2250,tracklet_4492,
2251,tracklet_4493,
2252,tracklet_4494,
2253,tracklet_4495,
2254,tracklet_4496,
2255,tracklet_4497,
2256,tracklet_4498,
2257,tracklet_4499,
2258,tracklet_4500,
2259,tracklet_4501,
2260,tracklet_4502,
2261,tracklet_4503,
2262,tracklet_4504,
2263,tracklet_4505,
2264,tracklet_4506,
2265,tracklet_4507,
2266,tracklet_4570,
2267,tracklet_4640,
2268,tracklet_4641,
2269,tracklet_4642,
2270,tracklet_4643,
2271,tracklet_4645,
2272,tracklet_4646,
2273,tracklet_4647,
2274,tracklet_4648,
2275,tracklet_4649,
2276,tracklet_4658,
2277,tracklet_4659,
2278,tracklet_4660,
2279,tracklet_4661,
2280,tracklet_4723,
2281,tracklet_4724,
2282,tracklet_4725,
2283,tracklet_4740,
2284,tracklet_4759,
2285,tracklet_4862,
2286,tracklet_4863,
2287,tracklet_4864,
2288,tracklet_4872,
2289,tracklet_4873,
2290,tracklet_4874,
2291,tracklet_4875,
2292,tracklet_4876,
2293,tracklet_4914,
2294,tracklet_4915,
2295,tracklet_4916,
2296,tracklet_4917,
2297,tracklet_4918,
2298,tracklet_4919,
2299,tracklet_4920,
2300,tracklet_4921,
2301,tracklet_4947,
2302,tracklet_4951,
2303,tracklet_4952,
2304,tracklet_4953,
2305,tracklet_4954,
2306,tracklet_4955,
2307,tracklet_4956,
2308,tracklet_4957,
2309,tracklet_4958,
2310,tracklet_4959,
2311,tracklet_5018,
2312,tracklet_5043,
2313,tracklet_5044,
2314,tracklet_5045,
2315,tracklet_5046,
2316,tracklet_5047,
2317,tracklet_5048,
2318,tracklet_5049,
2319,tracklet_5071,
2320,tracklet_5072,
2321,tracklet_5073,
2322,tracklet_5122,
2323,tracklet_5123,
2324,tracklet_5124,
2325,tracklet_5125,
2326,tracklet_5126,
2327,tracklet_5127,
2328,tracklet_5136,
2329,tracklet_5140,
2330,tracklet_5142,
2331,tracklet_5143,
2332,tracklet_5144,
2333,tracklet_5148,
2334,tracklet_5149,
2335,tracklet_5150,
2336,tracklet_5151,
2337,tracklet_5152,
2338,tracklet_5153,
2339,tracklet_5174,
2340,tracklet_5204,
2341,tracklet_5205,
2342,tracklet_5206,
2343,tracklet_5207,
2344,tracklet_5208,
2345,tracklet_5209,
2346,tracklet_5210,
2347,tracklet_5211,
2348,tracklet_5212,
2349,tracklet_5213,
2350,tracklet_5214,
2351,tracklet_5215,
2352,tracklet_5216,
2353,tracklet_5217,
2354,tracklet_5247,
2355,tracklet_5248,
2356,tracklet_5249,
2357,tracklet_5250,
2358,tracklet_5251,
2359,tracklet_5252,
2360,tracklet_5253,
2361,tracklet_5254,
2362,tracklet_5255,
2363,tracklet_5256,
2364,tracklet_5257,
2365,tracklet_5258,
2366,tracklet_5259,
2367,tracklet_5260,
2368,tracklet_5261,
2369,tracklet_5281,
2370,tracklet_5282,
2371,tracklet_5283,
2372,tracklet_5284,
2373,tracklet_5285,
2374,tracklet_5286,
2375,tracklet_5287,
2376,tracklet_5288,
2377,tracklet_5295,
2378,tracklet_5296,
2379,tracklet_5297,
2380,tracklet_5298,
2381,tracklet_5299,
2382,tracklet_5300,
2383,tracklet_5301,
2384,tracklet_5302,
2385,tracklet_5303,
2386,tracklet_5304,
2387,tracklet_5306,
2388,tracklet_5307,
2389,tracklet_5333,
2390,tracklet_5334,
2391,tracklet_5338,
2392,tracklet_5339,
2393,tracklet_5340,
2394,tracklet_5398,
2395,tracklet_5399,
2396,tracklet_5400,
2397,tracklet_5401,
2398,tracklet_5402,
2399,tracklet_5407,
2400,tracklet_5408,
2401,tracklet_5417,
2402,tracklet_5418,
2403,tracklet_5419,
2404,tracklet_5426,
2405,tracklet_5427,
2406,tracklet_5428,
2407,tracklet_5429,
2408,tracklet_5430,
2409,tracklet_5431,
2410,tracklet_5432,
2411,tracklet_5433,
2412,tracklet_5434,
2413,tracklet_5435,
2414,tracklet_5436,
2415,tracklet_5437,
2416,tracklet_5438,
2417,tracklet_5439,
2418,tracklet_5479,
2419,tracklet_5480,
2420,tracklet_5481,
2421,tracklet_5489,
2422,tracklet_5490,
2423,tracklet_5491,
2424,tracklet_5492,
2425,tracklet_5493,
2426,tracklet_5494,
2427,tracklet_5495,
2428,tracklet_5502,
2429,tracklet_5541,
2430,tracklet_5545,
2431,tracklet_5546,
2432,tracklet_5547,
2433,tracklet_5548,
2434,tracklet_5552,
2435,tracklet_5553,
2436,tracklet_5554,
2437,tracklet_5555,
2438,tracklet_5556,
2439,tracklet_5571,
2440,tracklet_5572,
2441,tracklet_5573,
2442,tracklet_5579,
2443,tracklet_5580,
2444,tracklet_5581,
2445,tracklet_5666,
2446,tracklet_5707,
2447,tracklet_5708,
2448,tracklet_5709,
2449,tracklet_5710,
2450,tracklet_5711,
2451,tracklet_5712,
2452,tracklet_5713,
2453,tracklet_5717,
2454,tracklet_5718,
2455,tracklet_5719,
2456,tracklet_5721,
2457,tracklet_5725,
2458,tracklet_5726,
2459,tracklet_5727,
2460,tracklet_5728,
2461,tracklet_5733,
2462,tracklet_5734,
2463,tracklet_5737,
2464,tracklet_5738,
2465,tracklet_5747,
2466,tracklet_5748,
2467,tracklet_5749,
2468,tracklet_5750,
2469,tracklet_5751,
2470,tracklet_5755,
2471,tracklet_5756,
2472,tracklet_5757,
2473,tracklet_5758,
2474,tracklet_5759,
2475,tracklet_5760,
2476,tracklet_5761,
2477,tracklet_5762,
2478,tracklet_5763,
2479,tracklet_5764,
2480,tracklet_5765,
2481,tracklet_5766,
2482,tracklet_5767,
2483,tracklet_5779,
2484,tracklet_5780,
2485,tracklet_5781,
2486,tracklet_5787,
2487,tracklet_5788,
2488,tracklet_5789,
2489,tracklet_5793,
2490,tracklet_5794,
2491,tracklet_5806,
2492,tracklet_5809,
2493,tracklet_5810,
2494,tracklet_5811,
2495,tracklet_5826,
2496,tracklet_5827,
2497,tracklet_5828,
2498,tracklet_5829,
2499,tracklet_5837,
2500,tracklet_5838,
2501,tracklet_5839,
2502,tracklet_5840,
2503,tracklet_5841,
2504,tracklet_5842,
2505,tracklet_5861,
2506,tracklet_5862,
2507,tracklet_5863,
2508,tracklet_5871,
2509,tracklet_5872,
2510,tracklet_5873,
2511,tracklet_5874,
2512,tracklet_5875,
2513,tracklet_5876,
2514,tracklet_5877,
2515,tracklet_5878,
2516,tracklet_5879,
2517,tracklet_5880,
2518,tracklet_5881,
2519,tracklet_5882,
2520,tracklet_5883,
2521,tracklet_5888,
2522,tracklet_5889,
2523,tracklet_5890,
2524,tracklet_5891,
2525,tracklet_5892,
2526,tracklet_5893,
2527,tracklet_5905,
2528,tracklet_5906,
2529,tracklet_5907,
2530,tracklet_5908,
2531,tracklet_5909,
2532,tracklet_5910,
2533,tracklet_5911,
2534,tracklet_5912,
2535,tracklet_5913,
2536,tracklet_5914,
2537,tracklet_5915,
2538,tracklet_5916,
2539,tracklet_5917,
2540,tracklet_5918,
2541,tracklet_5919,
2542,tracklet_5920,
2543,tracklet_5922,
2544,tracklet_5923,
2545,tracklet_5924,
2546,tracklet_5925,
2547,tracklet_5926,
2548,tracklet_5927,
2549,tracklet_5928,
2550,tracklet_5929,
2551,tracklet_5930,
2552,tracklet_5931,
2553,tracklet_5932,
2554,tracklet_5933,
2555,tracklet_5934,
2556,tracklet_5954,
2557,tracklet_5955,
2558,tracklet_5956,
2559,tracklet_5957,
2560,tracklet_5958,
2561,tracklet_5959,
2562,tracklet_5966,
2563,tracklet_5967,
2564,tracklet_5968,
2565,tracklet_5998,
2566,tracklet_5999,
2567,tracklet_6000,
2568,tracklet_6001,
2569,tracklet_6002,
2570,tracklet_6003,
2571,tracklet_6004,
2572,tracklet_6005,
2573,tracklet_6006,
2574,tracklet_6007,
2575,tracklet_6008,
2576,tracklet_6009,
2577,tracklet_6013,
2578,tracklet_6014,
2579,tracklet_6015,
2580,tracklet_6042,
2581,tracklet_6043,
2582,tracklet_6044,
2583,tracklet_6045,
2584,tracklet_6046,
2585,tracklet_6047,
2586,tracklet_6048,
2587,tracklet_6049,
2588,tracklet_6059,
2589,tracklet_6060,
2590,tracklet_6086,
2591,tracklet_6087,
2592,tracklet_6094,
2593,tracklet_6095,
2594,tracklet_6096,
2595,tracklet_6097,
2596,tracklet_6098,
2597,tracklet_6099,
2598,tracklet_6100,
2599,tracklet_6101,
2600,tracklet_6102,
2601,tracklet_6103,
2602,tracklet_6104,
2603,tracklet_6105,
2604,tracklet_6106,
2605,tracklet_6107,
2606,tracklet_6108,
2607,tracklet_6109,
2608,tracklet_6110,
2609,tracklet_6111,
2610,tracklet_6123,
2611,tracklet_6126,
2612,tracklet_6127,
2613,tracklet_6128,
2614,tracklet_6129,
2615,tracklet_6130,
2616,tracklet_6131,
2617,tracklet_6132,
2618,tracklet_6133,
2619,tracklet_6134,
2620,tracklet_6135,
2621,tracklet_6136,
2622,tracklet_6137,
2623,tracklet_6138,
2624,tracklet_6139,
2625,tracklet_6140,
2626,tracklet_6141,
2627,tracklet_6142,
2628,tracklet_6143,
2629,tracklet_6144,
2630,tracklet_6153,
2631,tracklet_6154,
2632,tracklet_6155,
2633,tracklet_6156,
2634,tracklet_6157,
2635,tracklet_6158,
2636,tracklet_6159,
2637,tracklet_6178,
2638,tracklet_6179,
2639,tracklet_6180,
2640,tracklet_6191,
2641,tracklet_6192,
2642,tracklet_6193,
2643,tracklet_6194,
2644,tracklet_6195,
2645,tracklet_6196,
2646,tracklet_6197,
2647,tracklet_6198,
2648,tracklet_6199,
2649,tracklet_6211,
2650,tracklet_6212,
2651,tracklet_6213,
2652,tracklet_6214,
2653,tracklet_6215,
2654,tracklet_6216,
2655,tracklet_6217,
2656,tracklet_6218,
2657,tracklet_6219,
2658,tracklet_6220,
2659,tracklet_6221,
2660,tracklet_6222,
2661,tracklet_6223,
2662,tracklet_6224,
2663,tracklet_6225,
2664,tracklet_6226,
2665,tracklet_6227,
2666,tracklet_6269,
2667,tracklet_6270,
2668,tracklet_6271,
2669,tracklet_6272,
2670,tracklet_6273,
2671,tracklet_6274,
2672,tracklet_6275,
2673,tracklet_6276,
2674,tracklet_6284,
2675,tracklet_6285,
2676,tracklet_6286,
2677,tracklet_6287,
2678,tracklet_6288,
2679,tracklet_6289,
2680,tracklet_6290,
2681,tracklet_6291,
2682,tracklet_6292,
2683,tracklet_6293,
2684,tracklet_6294,
2685,tracklet_6295,
2686,tracklet_6296,
2687,tracklet_6297,
2688,tracklet_6298,
2689,tracklet_6299,
2690,tracklet_6300,
2691,tracklet_6303,
2692,tracklet_6304,
2693,tracklet_6305,
2694,tracklet_6306,
2695,tracklet_6307,
2696,tracklet_6308,
2697,tracklet_6309,
2698,tracklet_6310,
2699,tracklet_6311,
2700,tracklet_6312,
2701,tracklet_6317,
2702,tracklet_6318,
2703,tracklet_6345,
2704,tracklet_6346,
2705,tracklet_6347,
2706,tracklet_6348,
2707,tracklet_6359,
2708,tracklet_6360,
2709,tracklet_6361,
2710,tracklet_6362,
2711,tracklet_6365,
2712,tracklet_6366,
2713,tracklet_6367,
2714,tracklet_6368,
2715,tracklet_6369,
2716,tracklet_6370,
2717,tracklet_6371,
2718,tracklet_6392,
2719,tracklet_6393,
2720,tracklet_6410,
2721,tracklet_6411,
2722,tracklet_6412,
2723,tracklet_6413,
2724,tracklet_6435,
2725,tracklet_6455,
2726,tracklet_6456,
2727,tracklet_6457,
2728,tracklet_6469,
2729,tracklet_6470,
2730,tracklet_6471,
2731,tracklet_6472,
2732,tracklet_6485,
2733,tracklet_6486,
2734,tracklet_6487,
2735,tracklet_6488,
2736,tracklet_6513,
2737,tracklet_6524,
2738,tracklet_6525,
2739,tracklet_6529,
2740,tracklet_6530,
2741,tracklet_6531,
2742,tracklet_6532,
2743,tracklet_6533,
2744,tracklet_6586,
2745,tracklet_6587,
2746,tracklet_6588,
2747,tracklet_6589,
2748,tracklet_6590,
2749,tracklet_6591,
2750,tracklet_6592,
2751,tracklet_6593,
2752,tracklet_6594,
2753,tracklet_6595,
2754,tracklet_6596,
2755,tracklet_6597,
2756,tracklet_6598,
2757,tracklet_6599,
2758,tracklet_6614,
2759,tracklet_6615,
2760,tracklet_6616,
2761,tracklet_6617,
2762,tracklet_6625,
2763,tracklet_6628,
2764,tracklet_6631,
2765,tracklet_6642,
2766,tracklet_6643,
2767,tracklet_6644,
2768,tracklet_6645,
2769,tracklet_6654,
2770,tracklet_6655,
2771,tracklet_6656,
2772,tracklet_6657,
2773,tracklet_6658,
2774,tracklet_6659,
2775,tracklet_6660,
2776,tracklet_6661,
2777,tracklet_6662,
2778,tracklet_6663,
2779,tracklet_6664,
2780,tracklet_6665,
2781,tracklet_6666,
2782,tracklet_6667,
2783,tracklet_6668,
2784,tracklet_6669,
2785,tracklet_6670,
2786,tracklet_6671,
2787,tracklet_6672,
2788,tracklet_6673,
2789,tracklet_6674,
2790,tracklet_6688,
2791,tracklet_6689,
2792,tracklet_6690,
2793,tracklet_6691,
2794,tracklet_6731,
2795,tracklet_6732,
2796,tracklet_6733,
2797,tracklet_6734,
2798,tracklet_6741,
2799,tracklet_6742,
2800,tracklet_6743,
2801,tracklet_6744,
2802,tracklet_6749,
2803,tracklet_6750,
2804,tracklet_6751,
2805,tracklet_6752,
2806,tracklet_6753,
2807,tracklet_6754,
2808,tracklet_6758,
2809,tracklet_6759,
2810,tracklet_6760,
2811,tracklet_6761,
2812,tracklet_6762,
2813,tracklet_6763,
2814,tracklet_6764,
2815,tracklet_6765,
2816,tracklet_6766,
2817,tracklet_6767,
2818,tracklet_6768,
2819,tracklet_6769,
2820,tracklet_6770,
2821,tracklet_6775,
2822,tracklet_6784,
2823,tracklet_6785,
2824,tracklet_6786,
2825,tracklet_6787,
2826,tracklet_6788,
2827,tracklet_6789,
2828,tracklet_6790,
2829,tracklet_6791,
2830,tracklet_6792,
2831,tracklet_6793,
2832,tracklet_6794,
2833,tracklet_6795,
2834,tracklet_6833,
2835,tracklet_6834,
2836,tracklet_6835,
2837,tracklet_6836,
2838,tracklet_6837,
2839,tracklet_6838,
2840,tracklet_6839,
2841,tracklet_6840,
2842,tracklet_6841,
2843,tracklet_6842,
2844,tracklet_6855,
2845,tracklet_6856,
2846,tracklet_6857,
2847,tracklet_6858,
2848,tracklet_6859,
2849,tracklet_6862,
2850,tracklet_6863,
2851,tracklet_6864,
2852,tracklet_6883,
2853,tracklet_6884,
2854,tracklet_6885,
2855,tracklet_6886,
2856,tracklet_6887,
2857,tracklet_6888,
2858,tracklet_6909,
2859,tracklet_6910,
2860,tracklet_6911,
2861,tracklet_6912,
2862,tracklet_6913,
2863,tracklet_6914,
2864,tracklet_6915,
2865,tracklet_6916,
2866,tracklet_6917,
2867,tracklet_6918,
2868,tracklet_6919,
2869,tracklet_6920,
2870,tracklet_6921,
2871,tracklet_6922,
2872,tracklet_6923,
2873,tracklet_6924,
2874,tracklet_6925,
2875,tracklet_6926,
2876,tracklet_6927,
2877,tracklet_6928,
2878,tracklet_6929,
2879,tracklet_6930,
2880,tracklet_6931,
2881,tracklet_6932,
2882,tracklet_6933,
2883,tracklet_6934,
2884,tracklet_6935,
2885,tracklet_6944,
2886,tracklet_6945,
2887,tracklet_6946,
2888,tracklet_6951,
2889,tracklet_6952,
2890,tracklet_6953,
2891,tracklet_6980,
2892,tracklet_6981,
2893,tracklet_6982,
2894,tracklet_6997,
2895,tracklet_6998,
2896,tracklet_7009,
2897,tracklet_7010,
2898,tracklet_7011,
2899,tracklet_7012,
2900,tracklet_7013,
2901,tracklet_7014,
2902,tracklet_7015,
2903,tracklet_7016,
2904,tracklet_7017,
2905,tracklet_7018,
2906,tracklet_7019,
2907,tracklet_7020,
2908,tracklet_7021,
2909,tracklet_7022,
2910,tracklet_7023,
2911,tracklet_7024,
2912,tracklet_7025,
2913,tracklet_7034,
2914,tracklet_7042,
2915,tracklet_7043,
2916,tracklet_7044,
2917,tracklet_7045,
2918,tracklet_7046,
2919,tracklet_7047,
2920,tracklet_7048,
2921,tracklet_7052,
2922,tracklet_7053,
2923,tracklet_7054,
2924,tracklet_7055,
2925,tracklet_7056,
2926,tracklet_7068,
2927,tracklet_7072,
2928,tracklet_7073,
2929,tracklet_7074,
2930,tracklet_7075,
2931,tracklet_7076,
2932,tracklet_7077,
2933,tracklet_7085,
2934,tracklet_7086,
2935,tracklet_7087,
2936,tracklet_7088,
2937,tracklet_7089,
2938,tracklet_7090,
2939,tracklet_7091,
2940,tracklet_7092,
2941,tracklet_7093,
2942,tracklet_7094,
2943,tracklet_7095,
2944,tracklet_7096,
2945,tracklet_7097,
2946,tracklet_7098,
2947,tracklet_7099,
2948,tracklet_7100,
2949,tracklet_7101,
2950,tracklet_7109,
2951,tracklet_7110,
2952,tracklet_7111,
2953,tracklet_7112,
2954,tracklet_7113,
2955,tracklet_7114,
2956,tracklet_7115,
2957,tracklet_7116,
2958,tracklet_7129,
2959,tracklet_7130,
2960,tracklet_7131,
2961,tracklet_7132,
2962,tracklet_7133,
2963,tracklet_7134,
2964,tracklet_7135,
2965,tracklet_7151,
2966,tracklet_7152,
2967,tracklet_7153,
2968,tracklet_7154,
2969,tracklet_7155,
2970,tracklet_7156,
2971,tracklet_7157,
2972,tracklet_7167,
2973,tracklet_7168,
2974,tracklet_7169,
2975,tracklet_7179,
2976,tracklet_7180,
2977,tracklet_7181,
2978,tracklet_7182,
2979,tracklet_7183,
2980,tracklet_7184,
2981,tracklet_7185,
2982,tracklet_7186,
2983,tracklet_7187,
2984,tracklet_7188,
2985,tracklet_7189,
2986,tracklet_7196,
2987,tracklet_7214,
2988,tracklet_7215,
2989,tracklet_7216,
2990,tracklet_7227,
2991,tracklet_7228,
2992,tracklet_7229,
2993,tracklet_7230,
2994,tracklet_7231,
2995,tracklet_7232,
2996,tracklet_7235,
2997,tracklet_7251,
2998,tracklet_7252,
2999,tracklet_7253,
3000,tracklet_7254,
3001,tracklet_7255,
3002,tracklet_7256,
3003,tracklet_7257,
3004,tracklet_7258,
3005,tracklet_7259,
3006,tracklet_7260,
3007,tracklet_7261,
3008,tracklet_7262,
3009,tracklet_7263,
3010,tracklet_7264,
3011,tracklet_7265,
3012,tracklet_7266,
3013,tracklet_7267,
3014,tracklet_7268,
3015,tracklet_7269,
3016,tracklet_7273,
3017,tracklet_7274,
3018,tracklet_7292,
3019,tracklet_7293,
3020,tracklet_7294,
3021,tracklet_7295,
3022,tracklet_7296,
3023,tracklet_7297,
3024,gbp1fC,
3025,mbc5vA,
3026,skf4uT,
3027,tqb0vW,
3028,gja4jT,
3029,ihv4xI,
3030,jvz2zV,
3031,num3rY,
3032,pji2fI,
3033,qcm2uI,
3034,uev4uC,
3035,ioo6bV,
3036,kbq2dK,
3037,kwy3yG,
3038,rpf4sG,
3039,yqt4hK,
3040,kju8lW,
3041,tgz4oP,
3042,yja7kP,
3043,rgk0jU,
3044,sja8mW,
3045,ypl8nY,
3046,ict0zN,
3047,zgl1rQ,
3048,rei1uR,
3049,whb0hX,
3050,ykt2fE,
3051,ini6cY,
3052,kgt0dU,
3053,azd9hB,
3054,ymq0bZ,
3055,cgc4rI,
3056,enj7oI,
3057,few5gX,
3058,gyk9oP,
3059,pwx1uI,
3060,imw1dU,
3061,qfk2qB,
3062,fsa6vW,
3063,aqk6fW,
3064,dvz3eW,
3065,jlz4wM,
3066,myt9rP,
3067,odj6yW,
3068,qsz6oZ,
3069,wsp7jM,
3070,yah4hO,
3071,crl3eH,
3072,czn2fN,
3073,ewc8hI,
3074,psh1dF,
3075,qem3uG,
3076,tku4kR,
3077,cps6tW,
3078,fbt6rS,
3079,pew0bI,
3080,tjp8yW,
3081,imt4oJ,
3082,tdo3cU,
3083,ugl3xJ,
3084,diz4sY,
3085,jkq7uK,
3086,mpp7wQ,
3087,vmz5rW,
3088,bvd3rS,
3089,hmw4cL,
3090,uiy2zP,
3091,xbm7wY,
3092,jus1xV,
3093,lzk1hC,
3094,mnn5iI,
3095,mzu9wH,
3096,nyd2lS,
3097,qgr0yR,
3098,xqv5jS,
3099,gda1oR,
3100,gre9kH,
3101,gtf1nJ,
3102,pdh0sS,
3103,rqx3eI,
3104,sok9iW,
3105,suc6bI,
3106,wck9nW,
3107,ikz5wR,
3108,tdo4tC,
3109,uqw2hA,
3110,bae8vZ,
3111,esi8mN,
3112,tbn9oI,
3113,toc4gN,
3114,wzu3pV,
3115,ycy8dY,
3116,hel7pY,
3117,dqt6hM,
3118,pnx1dH,
3119,rnl5kF,
3120,tlv4vK,
3121,wbx0tE,
3122,bsk2yF,
3123,ygn2uR,
3124,idk5rH,
3125,ppm2lX,
3126,xix5hJ,
3127,lkh7uG,
3128,cph5uS,
3129,eec5vB,
3130,zlk6oK,
3131,ryk0qF,
3132,zwi1kE,
3133,jge8rV,
3134,ejp7tA,
3135,euc2xI,
3136,owo7pK,
3137,rgv0uA,
3138,ubf5pJ,
3139,vsl0mG,
3140,xkh2rP,
3141,pxq4oV,
3142,wzc3sF,
3143,moq9nF,
3144,aml1hR,
3145,aop8dK,
3146,bpp5rG,
3147,gog6xQ,
3148,hqm6nI,
3149,utx9jV,
3150,bvm0mN,
3151,iqi4vC,
3152,ows7uO,
3153,uhy2lA,
3154,ety5xV,
3155,ooo1rT,
3156,dvz8wF,
3157,ghp1wV,
3158,otw8aG,
3159,rtp1yH,
3160,jbm6vD,
3161,rle9dD,
3162,jph0kS,
3163,uzy0gI,
3164,fam7nV,
3165,soj3yZ,
3166,tqq4fQ,
3167,cre1qB,
3168,ofm0yB,
3169,vhx8eU,
3170,zqk4iN,
3171,ypj2hA,
3172,cks9oO,
3173,wwx3dG,
3174,flw6tH,
3175,hbx5uB,
3176,lop5nX,
3177,ocm0pU,
3178,vrd5pQ,
3179,yew0vF,
3180,fcr0fD,
3181,rvk9lJ,
3182,zbn4cI,
3183,vui9iZ,
3184,yxt7xP,
3185,htp0fX,
3186,hzc7vW,
3187,ibq8pV,
3188,bmr2uW,
3189,dus7cQ,
3190,eyw5eO,
3191,wji9eC,
3192,mcn8aW,
3193,znf8tA,
3194,adt5zT,
3195,aqw2eR,
3196,aro2lL,
3197,avh8hA,
3198,bjh5oK,
3199,bsu1dU,
3200,csr7eB,
3201,dly0mC,
3202,ekx6sW,
3203,esz2lD,
3204,eyt3wI,
3205,ezm5nN,
3206,fjr3kD,
3207,flr7yK,
3208,gqh4qH,
3209,hie5jR,
3210,hjc4rG,
3211,hmm0pX,
3212,ibv8lN,
3213,ijt5bI,
3214,jnv4rA,
3215,jxz3hW,
3216,kkw0kC,
3217,kmh2dB,
3218,kpc8wT,
3219,lem1dA,
3220,lhv8zD,
3221,lmv7sA,
3222,nfu0bN,
3223,nmm9kS,
3224,ozz2pC,
3225,paf2bM,
3226,pje0nL,
3227,pkz4wC,
3228,psv8hA,
3229,qnn5uE,
3230,rba6uC,
3231,rld0yN,
3232,rqd8kP,
3233,sbt4mE,
3234,smf7dA,
3235,tby8qS,
3236,uhf3iL,
3237,uxm0fC,
3238,vds4dA,
3239,vus1yV,
3240,why6yJ,
3241,yew8eW,
3242,zbg3gK,
3243,ceh0qL,
3244,rqx2kS,
3245,xcq1jK,
3246,djt1nM,
3247,ubl8oQ,
3248,bxu2vM,
3249,kpk4wR,
3250,qtn8pR,
3251,jvu1nE,
3252,jee6yJ,
3253,jtz7gS,
3254,ozb4aG,
3255,plh9nC,
3256,reb8pI,
3257,xmo1jI,
3258,cyg9xS,
3259,drp2gG,
3260,faz4dI,
3261,hbo8rK,
3262,hjt4yA,
3263,hkq3jS,
3264,xos5kS,
3265,aaj9gC,
3266,atb3fW,
3267,jxc8wD,
3268,jyo6gJ,
3269,xie4tA,
3270,fxn1lT,
3271,oao8eS,
3272,xot7iW,
3273,dhy3cG,
3274,eva1qC,
3275,fhj7vL,
3276,lnn0dD,
3277,ozp3tG,
3278,qhj1wG,
3279,dnw5fF,
3280,kvl5iN,
3281,lvy2jL,
3282,dav8xR,
3283,ktg5gR,
3284,nuu7wO,
3285,qdc2wK,
3286,cyi1nN,
3287,kcf3jL,
3288,kte9nT,
3289,whp7tG,
3290,bya0zE,
3291,lfs3wD,
3292,hsb4aS,
3293,scr0pT,
3294,ipa2rJ,
3295,jgy7bM,
3296,bip0yK,
3297,nxz2dI,
3298,rzq9nH,
3299,sye8zX,
3300,usv3bJ,
3301,bbi5qE,
3302,oen7aQ,
3303,yaz8cM,
3304,ayx8eL,
3305,lwh0sB,
3306,dbe3bI,
3307,fgo5gR,
3308,izv0fC,
3309,ovy7oL,
3310,zbf8uN,
3311,hjt9zI,
3312,kyy7vS,
3313,hpc1cL,
3314,jsk7xF,
3315,kyi1xG,
3316,isl9bI,
3317,kix9xF,
3318,xcw2uN,
3319,ydj8bE,
3320,amj6qR,
3321,fgc4xG,
3322,vwn0sA,
3323,gwt0zH,
3324,ofg9wS,
3325,stp6pJ,
3326,ong8nT,
3327,piq8uJ,
3328,rjv1eW,
3329,yml3iU,
3330,hdl9pH,
3331,orv5qT,
3332,avy5wM,
3333,fez5eO,
3334,ghk3mN,
3335,hiv2yD,
3336,tsv2dP,
3337,xfe2pM,
3338,keq3aY,
3339,pia1dK,
3340,xht3eY,
3341,zav8wM,
3342,dkn2dP,
3343,xlt5qZ,
3344,ijs1pW,
3345,rbl7dD,
3346,ccf4mC,
3347,jbs0gR,
3348,gbk2uM,
3349,okf9bP,
3350,ovy1mG,
3351,ldy8aV,
3352,dpu7hP,
3353,zdw2bB,
3354,elv8aM,
3355,gbz0uL,
3356,lec3aU,
3357,olj6yP,
3358,dnu0oP,
3359,pqd6uV,
3360,qqa8eL,
3361,tny8kX,
3362,hjb9vH,
3363,pnf0iX,
3364,cpa2xF,
3365,efl8iM,
3366,erj6lH,
3367,eyl3uT,
3368,gfd1uX,
3369,nkf4eB,
3370,uiq8vO,
3371,jvd6zZ,
3372,llx1cQ,
3373,inh4iP,
3374,ljs8cZ,
3375,pdt0xD,
3376,rac5tE,
3377,tzw5aI,
3378,wbq5kN,
3379,lgx9tT,
3380,myr2qG,
3381,tvm3lL,
3382,epl3uG,
3383,nph7jJ,
3384,rvw6rU,
3385,pxg3hV,
3386,vfu8pJ,
3387,ago9yS,
3388,byi8cK,
3389,fdj8cN,
3390,hxe2rY,
3391,jkn6mK,
3392,uuq3uY,
3393,bkq4wS,
3394,emf8lQ,
3395,fti1cY,
3396,jki9jS,
3397,khd0uY,
3398,kkx0zG,
3399,mky1cB,
3400,pup9vQ,
3401,qsp7iZ,
3402,ubj6fG,
3403,ikw1tA,
3404,nsj8fC,
3405,yrv0dE,
3406,qgc7vV,
3407,bqz1xL,
3408,lhi2zH,
3409,bsk3fP,
3410,las0wL,
3411,lwx5gV,
3412,srm6pW,
3413,fac1wY,
3414,lmc6lV,
3415,sjn5cW,
3416,hau3tC,
3417,urw7oG,
3418,fua4vC,
3419,hqr1gA,
3420,zev0tH,
3421,hup7xW,
3422,nek6zP,
3423,owj7yX,
3424,rdl9cF,
3425,wrl5uI,
3426,kgn1yN,
3427,syn8zW,
3428,blk6zS,
3429,dlq1oK,
3430,dok5pR,
3431,ffa3rG,
3432,flb7eX,
3433,jiz2nS,
3434,kyi5iM,
3435,qzs8mB,
3436,obp1qK,
3437,xmf5zS,
3438,bth3fT,
3439,cxq6uD,
3440,rlg8cY,
3441,tle5tH,
3442,rbv9jU,
3443,cub9zE,
3444,grd4uR,
3445,hmz3bV,
3446,sqv6eB,
3447,bdo9bC,
3448,bfd9yB,
3449,byo7yV,
3450,aat8mL,
3451,zlm6kX,
3452,ags6hL,
3453,gcu7eN,
3454,mjb8hC,
3455,ucm7zB,
3456,atp1yY,
3457,dpp0sZ,
3458,ein2aD,
3459,fyp8qH,
3460,hns7sX,
3461,ibc5tF,
3462,isa6vT,
3463,luj3iH,
3464,mki5oK,
3465,mub3tY,
3466,ogj2tM,
3467,opd9jC,
3468,oqc2zJ,
3469,phv1pY,
3470,qig6nP,
3471,quy4lF,
3472,qxp4tS,
3473,vag8tE,
3474,wsm6hF,
3475,ybm9fW,
3476,jla2qC,
3477,aju0wC,
3478,cew9oT,
3479,czm0jT,
3480,mpk4qN,
3481,ohf6cI,
3482,psy0kG,
3483,ckj0bL,
3484,gap0dT,
3485,gcq3vR,
3486,ovz5yK,
3487,tno4kN,
3488,vhj6eU,
3489,mpf3hX,
3490,etq6wN,
3491,gzc2sX,
3492,rmz7zP,
3493,trc9aL,
3494,bxc2mM,
3495,iqq4sS,
3496,szk3wG,
3497,vlr1fM,
3498,bud8rN,
3499,epl1jZ,
3500,fdd0cG,
3501,imj9tX,
3502,xja7pA,
3503,arh7wY,
3504,bmp9bD,
3505,meg0dG,
3506,ogh4zI,
3507,tbr7dQ,
3508,fce6sX,
3509,gkt3iR,
3510,iit0kP,
3511,lhd2iS,
3512,nsk4xH,
3513,qpt3bF,
3514,sza8hH,
3515,vpq4hM,
3516,jgw5jM,
3517,qtq9lE,
3518,vap5gK,
3519,wwu0jQ,
3520,xls1gS,
3521,zzc8nB,
3522,iaf8tN,
3523,cdx3yY,
3524,bqn6aD,
3525,wid3lC,
3526,dch7bP,
3527,jht1wO,
3528,mlx8dE,
3529,oqz3pL,
3530,evz0wH,
3531,ads1nZ,
3532,cmw6jI,
3533,vmi8sL,
3534,ksq2tZ,
3535,qwz2uZ,
3536,zql8nW,
3537,wes8oK,
3538,ato0cG,
3539,brv9jH,
3540,dax1gH,
3541,heg6zU,
3542,hwu9xI,
3543,mec9vI,
3544,odn7qQ,
3545,pbq6fX,
3546,ptp5dY,
3547,qdk8nN,
3548,qjj8yQ,
3549,wdl3hO,
3550,iif1tW,
3551,lvc8fH,
3552,roc9uV,
3553,rpc8xR,
3554,nkg2dH,
3555,wro9eN,
3556,rpv0sY,
3557,szx9nD,
3558,ahh8rC,
3559,afe2tH,
3560,jqe7cO,
3561,kvc1uD,
3562,tpp4pU,
3563,fse4eH,
3564,gos8rI,
3565,hfh1qT,
3566,iet0wT,
3567,ljy5lP,
3568,odl3vH,
3569,opd2jS,
3570,snw4gV,
3571,tgl1eX,
3572,ifm0wS,
3573,ldy9kE,
3574,qgf8zU,
3575,mii9zJ,
3576,qtd4xI,
3577,oyn5tH,
3578,hxa8xV,
3579,irk1iZ,
3580,xmf3eS,
3581,cnx4pE,
3582,jkf8wA,
3583,kdw6dZ,
3584,lxx5uG,
3585,stf2wK,
3586,ndi8wF,
3587,tci7hI,
3588,gne8pQ,
3589,ffy2vU,
3590,adc1rT,
3591,azb7wO,
3592,egy1rE,
3593,mrs9cB,
3594,twd1hB,
3595,wbz4nH,
3596,ytu4cY,
3597,ikf2oH,
3598,rqh9wV,
3599,etd9tZ,
3600,kpf7sT,
3601,xmk9lK,
3602,def2pE,
3603,bgq2dT,
3604,bta3wO,
3605,qya7xK,
3606,rfw2cL,
3607,rqu6kT,
3608,igg4yL,
3609,cqb8kT,
3610,nql7eJ,
3611,nsb9vM,
3612,pbc4tS,
3613,tvd3oY,
3614,fvk0kM,
3615,cah0pI,
3616,ezf7vN,
3617,gqc9yH,
3618,jok3gW,
3619,lnq0bD,
3620,mww4sM,
3621,vpo5lT,
3622,rfz3pU,
3623,dwd4jO,
3624,egf9eJ,
3625,fni9oR,
3626,hsn9pN,
3627,srx4dX,
3628,avu8bO,
3629,cef5wQ,
3630,dtz0sM,
3631,eaw2tA,
3632,ebb4yA,
3633,frn0rW,
3634,jbz1oI,
3635,mcc8nF,
3636,nhu9wM,
3637,nkj1vB,
3638,nws4oI,
3639,ocp5kA,
3640,pyp1vN,
3641,stc5bF,
3642,swh0aG,
3643,xxc8yM,
3644,jac2aC,
3645,oqq5zS,
3646,bse1jZ,
3647,ajd1mC,
3648,aps3jY,
3649,fkw7qM,
3650,iwi7iO,
3651,lpb1hT,
3652,mbk9iJ,
3653,oiy1xT,
3654,ond8gK,
3655,rtu5jG,
3656,uph2jW,
3657,zzx0kA,
3658,dii2yD,
3659,trk3lV,
3660,vcp5zO,
3661,kji2zW,
3662,kmr7aE,
3663,bxj6xY,
3664,hzg2tM,
3665,uja9uK,
3666,vrs4kH,
3667,ytv3fK,
3668,ner4nD,
3669,wux7iV,
3670,bhq7vK,
3671,exy8kH,
3672,rce0gN,
3673,abl4uH,
3674,ghi7qI,
3675,naj5zP,
3676,sxu9jD,
3677,tbd0mR,
3678,ort0nW,
3679,zhy8zK,
3680,llj0wT,
3681,nuy2tG,
3682,uud7mB,
3683,vlm4hH,
3684,ztq5dP,
3685,bnv8gQ,
3686,nyc1zQ,
3687,jdx5kN,
3688,dpp6iK,
3689,fcz4eL,
3690,pse4zN,
3691,fgs4lU,
3692,ghx5sU,
3693,egh0yV,
3694,evw7gD,
3695,jxg1lY,
3696,vjt7eS,
3697,yrd0eE,
3698,rxa5uB,
3699,ysm9oF,
3700,dus7zZ,
3701,dvd4rS,
3702,jcq9wK,
3703,mxq3cG,
3704,mbh0pQ,
3705,abs8vE,
3706,stf6zY,
3707,tie0mU,
3708,uku5eK,
3709,zuu8rZ,
3710,bln6pN,
3711,gqn5jB,
3712,hxi7nJ,
3713,cxy8eB,
3714,pdl8pB,
3715,peq4aW,
3716,ryc5oW,
3717,sro8fF,
3718,uqw2zN,
3719,ikp6aQ,
3720,ooy5hE,
3721,pzi3aA,
3722,xxo9iQ,
3723,gfj1kJ,
3724,ixo1xD,
3725,odj6uE,
3726,ubv1rU,
3727,xlu3fH,
3728,btn0eS,
3729,cxm0eG,
3730,ifj4oZ,
3731,lgd2sR,
3732,lus6qO,
3733,myr8oN,
3734,rqh6aD,
3735,sma2oC,
3736,oww4uJ,
3737,vdi2mL,
3738,xhp1vN,
3739,rgj6zB,
3740,xwz6mA,
3741,eil4zV,
3742,opp8rQ,
3743,aur0oO,
3744,cao3oC,
3745,fch7fB,
3746,gix7uW,
3747,jhd5tK,
3748,mje2tD,
3749,xyl3bT,
3750,yqt4xW,
3751,zmf9kU,
3752,qld1rZ,
3753,ylj2bE,
3754,cqc9jT,
3755,pku2oB,
3756,qqb2xX,
3757,kju1vZ,
3758,rbu3wG,
3759,jfi7yZ,
3760,klx7dK,
3761,oef3dT,
3762,oje9vW,
3763,efx8oA,
3764,gzm3yD,
3765,efz7zF,
3766,hku3uO,
3767,kiu6bB,
3768,nui7bB,
3769,mxd9iE,
3770,idz6oB,
3771,wcc6oQ,
3772,wsq1tG,
3773,xek2fQ,
3774,gzp7bX,
3775,xvl1vQ,
3776,zjx8rF,
3777,drl0aX,
3778,jfm3jO,
3779,ssr5rC,
3780,ryn2eL,
3781,hbo2mS,
3782,nir8iU,
3783,ive2hD,
3784,jje6zO,
3785,lfn0wE,
3786,ppd2rF,
3787,rzc1lR,
3788,crg7mA,
3789,hnx4wL,
3790,wbe7uQ,
3791,yxb4pZ,
3792,evv1aZ,
3793,ful2hT,
3794,pfw6sF,
3795,uta4qR,
3796,zbc7jQ,
3797,csl9gJ,
3798,koz1pK,
3799,msg2sE,
3800,old8vF,
3801,qpk6lT,
3802,vrp5hN,
3803,wha9bR,
3804,zzf1tK,
3805,ids0iJ,
3806,ppe6qT,
3807,pxy0dF,
3808,wng2nU,
3809,bag5jP,
3810,dko6lO,
3811,knb0xY,
3812,mtj9aL,
3813,rew2gY,
3814,dte6gO,
3815,vrf0tK,
3816,ray6yH,
3817,rvk6zJ,
3818,hfz9nM,
3819,oeb3dE,
3820,sib2aT,
3821,spm8iZ,
3822,tni5kH,
3823,was9uY,
3824,wga2bC,
3825,kbr6tI,
3826,loh0uN,
3827,npl3gM,
3828,tck7sJ,
3829,ktq6bR,
3830,oju5lS,
3831,uek3eI,
3832,vuv9kA,
3833,eeb5jY,
3834,gzw8qK,
3835,uhi5eS,
3836,hui6xV,
3837,vzs7mR,
3838,skn2tU,
3839,oih9tU,
3840,qqo6gJ,
3841,bri4kV,
3842,gbm7lN,
3843,kti8nH,
3844,ysq0kC,
3845,fgq3bH,
3846,fno8cG,
3847,itn2gT,
3848,ogb5qV,
3849,ttp4jQ,
3850,yln8lV,
3851,cym1pP,
3852,mea9hE,
3853,rkv9nQ,
3854,fpi2jR,
3855,hel7iE,
3856,wfa2vA,
3857,gjl8cS,
3858,xri1aD,
3859,dqk4kZ,
3860,kdb8wR,
3861,pcj6bW,
3862,xnl5iG,
3863,ldr0qW,
3864,nhm2aL,
3865,slj9xY,
3866,zxs4aJ,
3867,vrf8wB,
3868,bjf3eC,
3869,rht2dA,
3870,ixj4cK,
3871,qbj5rX,
3872,blb0wA,
3873,ecw1sR,
3874,etc7vA,
3875,ftb8kO,
3876,fvd3iJ,
3877,hbd2qN,
3878,jiv1jI,
3879,uip4zA,
3880,zjm8bC,
3881,aiv6hW,
3882,iuu1qW,
3883,qsz2lM,
3884,tmn8jE,
3885,weg6xO,
3886,wxl0iM,
3887,znv2cC,
3888,smt5qJ,
3889,bed9sU,
3890,mmo1vF,
3891,mxp5eD,
3892,nuv6nT,
3893,wal0rC,
3894,ckr7gZ,
3895,ebn6vN,
3896,qha7hT,
3897,qia4jM,
3898,xev2xZ,
3899,gli8vZ,
3900,lpf6wF,
3901,ypt5kQ,
3902,fxh7fB,
3903,gpe6eQ,
3904,mxx2oS,
3905,suu1pK,
3906,trd2bU,
3907,zfc7uV,
3908,zjo5cJ,
3909,yfb1bK,
3910,ick7wV,
3911,qbd7fM,
3912,rtr7sL,
3913,xum6hF,
3914,obp3wJ,
3915,phf9dY,
3916,phs3zF,
3917,ryt9kY,
3918,ufd0dT,
3919,xwv1pE,
3920,xvi8mE,
3921,zdo0yN,
3922,cpm2uS,
3923,ehm5qG,
3924,fdu6kW,
3925,axq6sX,
3926,eki5kT,
3927,cnl5iR,
3928,ede2aU,
3929,unz5hK,
3930,pac0kH,
3931,clx2tN,
3932,gaq9vF,
3933,hko8hS,
3934,khn7lX,
3935,pac5jV,
3936,knq9uT,
3937,aug5cU,
3938,kgi6nO,
3939,dbl4zM,
3940,imv0yK,
3941,nxv3zQ,
3942,aln6xP,
3943,jmi5fV,
3944,ldr1uL,
3945,nry4hX,
3946,xah3aW,
3947,znq6rW,
3948,pyh0vW,
3949,beu8hD,
3950,eyz1uS,
3951,gch7xU,
3952,vfy8mY,
3953,bbw1jB,
3954,cgv4lJ,
3955,jyb5uU,
3956,act6xM,
3957,nqg6nM,
3958,iqf8yF,
3959,cny5sW,
3960,ehy3rY,
3961,hho3fF,
3962,jwd4rN,
3963,wnq4vZ,
3964,zgl9cN,
3965,hib3dH,
3966,ife6kV,
3967,oex1dF,
3968,tvq8bI,
3969,vke4oH,
3970,ypt8uB,
3971,lti2pE,
3972,okj1oU,
3973,sho7qE,
3974,syo1sI,
3975,ibn1rR,
3976,beu4lA,
3977,mdn8kL,
3978,emx7lJ,
3979,kew1aR,
3980,ljm5iJ,
3981,muc7fS,
3982,sah5uG,
3983,sgs5zA,
3984,ues8uI,
3985,wwi6wK,
3986,xwv6fZ,
3987,few2oE,
3988,xsi7bZ,
3989,vpo6cR,
3990,gcj8nC,
3991,nwm2dJ,
3992,bcu6xH,
3993,otl6cC,
3994,uxt9zT,
3995,bnf2qR,
3996,rgv8mL,
3997,bfa7kO,
3998,lud7zK,
3999,tvk7sH,
4000,mvk8hK,
4001,slw8wM,
4002,sva4vV,
4003,wkh0mI,
4004,mhq8sM,
4005,nyw9cX,
4006,sxv9yP,
4007,ztl1fU,
4008,dpy4mO,
4009,kcu6sK,
4010,spm7cH,
4011,ifp4fU,
4012,pda0vD,
4013,phw2uL,
4014,anc6kL,
4015,srf0aI,
4016,bqc9bA,
4017,ryt7bF,
4018,uvc3cD,
4019,yho4wA,
4020,gzs2aO,
4021,cpd7eD,
4022,wdl9gF,
4023,ebe5sR,
4024,pam4qH,
4025,fek1gX,
4026,mbk3gJ,
4027,ddy8dM,
4028,maw9aF,
4029,zux1qC,
4030,eyx0pY,
4031,tvg2uN,
4032,gty9bN,
4033,qtv3lL,
4034,rua1pM,
4035,dfs6dS,
4036,fdh4yJ,
4037,gmy1gZ,
4038,cxa9xK,
4039,gmx2mW,
4040,ezq7dG,
4041,hxw2rB,
4042,jgo1bF,
4043,qrp7hO,
4044,qwd7sP,
4045,apg6qE,
4046,gey4iB,
4047,lcw1qS,
4048,lmj7jM,
4049,ekf0jC,
4050,erv7zS,
4051,gjd7fG,
4052,ndw8fP,
4053,tto0cC,
4054,xgo5mF,
4055,ltb5zW,
4056,jvq8jL,
4057,tyk0kU,
4058,giu8sJ,
4059,glp6aU,
4060,pjk9lQ,
4061,vip7tM,
4062,dyh5wF,
4063,nao0jG,
4064,soy3zN,
4065,hhe8iC,
4066,usm1iM,
4067,cbs3xX,
4068,oow9hJ,
4069,exl4dE,
4070,xqn5iF,
4071,kmz0kU,
4072,lld1aT,
4073,qbc2uY,
4074,zcr2jR,
4075,fmj6zU,
4076,vbx0eU,
4077,agp1lT,
4078,aik1wZ,
4079,djc2yB,
4080,tjf7yZ,
4081,rdo9yT,
4082,aef5lE,
4083,agc8jO,
4084,avf9iR,
4085,bal6bD,
4086,bcd5qK,
4087,bim2iO,
4088,blb1wE,
4089,ccx7iL,
4090,ciu8gH,
4091,cuh4bQ,
4092,cvb0tJ,
4093,cyc4nC,
4094,dfq1yS,
4095,dpq8fO,
4096,dqn8qR,
4097,dvp4iJ,
4098,elp8eD,
4099,ewq4zG,
4100,exi3qD,
4101,fgh0gP,
4102,fku4nG,
4103,gdq0iA,
4104,gic4uK,
4105,gmg8yZ,
4106,goo3gK,
4107,hcx7mP,
4108,hkm7xN,
4109,hmp1zW,
4110,hov0aX,
4111,ifs6gX,
4112,imm3cG,
4113,imz5bA,
4114,iye9sY,
4115,jgj9oY,
4116,jij0mN,
4117,jkj8sV,
4118,jsc3wD,
4119,kca9vI,
4120,kfv7iV,
4121,kij4iE,
4122,kkv4jF,
4123,kle1dH,
4124,kmn1dD,
4125,kno0wH,
4126,kud1bD,
4127,ldh2zW,
4128,loe7hX,
4129,loj8uA,
4130,lxg8iJ,
4131,mgl1dG,
4132,mmd6hC,
4133,mpr8bX,
4134,mst6jB,
4135,ngm3bK,
4136,nib8fQ,
4137,nsa8zX,
4138,nsx5oK,
4139,oev0qG,
4140,oey5bG,
4141,opu8iB,
4142,oth1qM,
4143,ouw5pJ,
4144,owj4pD,
4145,owr0wN,
4146,oyo2aU,
4147,pkq5pQ,
4148,pmk7mR,
4149,poi5cJ,
4150,pot8aB,
4151,prb5pO,
4152,puz4xY,
4153,qfz4dA,
4154,qjr5jA,
4155,qli9gA,
4156,qvq0sN,
4157,qwm8hJ,
4158,qzk6yL,
4159,rep8xO,
4160,rfa4cP,
4161,rrd9gA,
4162,rvd6sT,
4163,rwm9bJ,
4164,rza8cI,
4165,sca5aN,
4166,scq2vA,
4167,sgy6wV,
4168,sko2yH,
4169,snf4nI,
4170,snh4xL,
4171,srj4gR,
4172,syj7qI,
4173,syw0qK,
4174,szz0mI,
4175,tas9iN,
4176,tax7uD,
4177,tcm4yO,
4178,tiw3oT,
4179,tpl7eG,
4180,tqt4qV,
4181,trq8rT,
4182,twr1dU,
4183,ubl5bA,
4184,udt8mL,
4185,ueq5gX,
4186,ulo3oQ,
4187,uqe4oT,
4188,uxs7lD,
4189,vsy2qP,
4190,vwa4dY,
4191,vxr3kY,
4192,wjj2zG,
4193,wrk7lO,
4194,wwn0rC,
4195,wza9yE,
4196,xct3eM,
4197,xle7gS,
4198,xxf1gH,
4199,ydk1jT,
4200,ydw1lH,
4201,yit6oE,
4202,yjh7mF,
4203,yjx9aC,
4204,ykd2eL,
4205,yqn3tO,
4206,yqv8pK,
4207,zst4lF,
4208,ztj1qA,
4209,zwd4fD,
4210,ybr8fI,
4211,zki3mO,
4212,bzg6mX,
4213,ezm4yW,
4214,jny8lI,
4215,qjr3rX,
4216,sjs0dV,
4217,huj5pW,
4218,rpb0lG,
4219,hgu4qT,
4220,toj0wG,
4221,erd1nE,
4222,euw7hG,
4223,kpi1pQ,
4224,puu3aJ,
4225,qgb4wM,
4226,xkf8vL,
4227,zms9qB,
4228,bab2wH,
4229,fed5aA,
4230,qky6xT,
4231,ysu1xJ,
4232,agu8kS,
4233,fys7hK,
4234,kbp0tE,
4235,rpx0jS,
4236,ywo2yP,
4237,zxi6bA,
4238,pau9yN,
4239,fyj8aY,
4240,vkz5zL,
4241,cta4gH,
4242,esw2nT,
4243,jlj8xU,
4244,rhq2oX,
4245,snt1qS,
4246,yrx6rZ,
4247,mvh7iV,
4248,nzr3eU,
4249,dmf9hN,
4250,llc3gG,
4251,mvq3oJ,
4252,rly0rW,
4253,tsp9yK,
4254,xgm3aF,
4255,zgv9zY,
4256,fuj9iM,
4257,wqf1xB,
4258,nac1iN,
4259,raw0lJ,
4260,xyb9bY,
4261,yfi7mJ,
4262,bbb8uR,
4263,dbt8kL,
4264,var3vB,
4265,vsr4kJ,
4266,rvd2eS,
4267,xja1yE,
4268,fvy8qV,
4269,gvh6hN,
4270,civ0fL,
4271,rak0nL,
4272,kqg9rZ,
4273,kth7cE,
4274,mun9oG,
4275,odg0wQ,
4276,bwv5gZ,
4277,nuq2mS,
4278,bny3sS,
4279,xeh7gD,
4280,yzr7mJ,
4281,zyy4iG,
4282,epq7wV,
4283,qma0lL,
4284,rys9vU,
4285,ldh7mJ,
4286,tgl9vW,
4287,ijx7pT,
4288,ani0mE,
4289,cvr5jI,
4290,mhm8hF,
4291,sex0xO,
4292,qth9pF,
4293,geb7bR,
4294,byp7aR,
4295,fom3gI,
4296,tzr4sB,
4297,xzx6eN,
4298,bed6wH,
4299,ioi9iF,
4300,jkn1uK,
4301,zfc4rC,
4302,bcl2sG,
4303,dca3yM,
4304,lhs3gT,
4305,mis0nK,
4306,ymn2eB,
4307,zfr6zF,
4308,khn8wX,
4309,nts9dJ,
4310,sqj9sK,
4311,ckk4qD,
4312,dpk2mV,
4313,gsr4iN,
4314,xfu6sX,
4315,sou7cK,
4316,wrq9xZ,
4317,afb0yB,
4318,agx3oJ,
4319,aqv9qP,
4320,axy5bD,
4321,bes3lG,
4322,bev5yL,
4323,bop5xW,
4324,bsr4oI,
4325,bvv5nY,
4326,cco9qS,
4327,ceh5gT,
4328,cej7dV,
4329,ceu9mM,
4330,cfx3gD,
4331,cml0yN,
4332,dyp8tT,
4333,dyz5jD,
4334,eeu1fN,
4335,ejj3qF,
4336,eqp6dQ,
4337,evh5kS,
4338,fdt5nO,
4339,fni8hE,
4340,gqk5jS,
4341,gzy9mL,
4342,hei0nQ,
4343,hlx7qW,
4344,htf2xL,
4345,huh4nR,
4346,icz2jS,
4347,ids4zW,
4348,igs4oN,
4349,iui1kM,
4350,iys2iU,
4351,jda8cF,
4352,jga9nB,
4353,lak1xU,
4354,ljm0lH,
4355,lki7iV,
4356,lrx2kG,
4357,mbr4rO,
4358,mlu1fE,
4359,mvi8cB,
4360,nje3fW,
4361,nqk5iZ,
4362,odl6oW,
4363,oqn7vK,
4364,pha2iL,
4365,pmd8hW,
4366,qef1dM,
4367,qmj5mA,
4368,qod3uB,
4369,qot4bV,
4370,qsu4nY,
4371,rco1hC,
4372,rcp7lA,
4373,rdr7zV,
4374,rjn2pB,
4375,rka8qW,
4376,rni6rR,
4377,rui9tU,
4378,rvs8xQ,
4379,ryg2wJ,
4380,rze9lJ,
4381,shn1gY,
4382,snf3nS,
4383,snw1dP,
4384,sta0eC,
4385,svj3yF,
4386,tom0kO,
4387,tup0vM,
4388,ucd4lH,
4389,ugv1sZ,
4390,uxx2wE,
4391,vdv9aZ,
4392,vgb0tX,
4393,vki6kX,
4394,vno7cR,
4395,vpn3eQ,
4396,wam0jY,
4397,wdo8kL,
4398,wku9mL,
4399,wmv0nM,
4400,wor6dR,
4401,wul6yF,
4402,wwu1xS,
4403,wyv2aZ,
4404,xed7aF,
4405,xms7eO,
4406,xqy6eB,
4407,xto8jW,
4408,xts9wJ,
4409,yfd3yI,
4410,yiw8sE,
4411,ypi4yG,
4412,zgy5gA,
4413,zjm3fM,
4414,zpk6vS,
4415,zsz8nV,
4416,dbh2cL,
4417,nps0iH,
4418,oal2oE,
4419,dst2wW,
4420,ijv8wZ,
4421,tpx8iH,
4422,hfe2wU,
4423,oyv7eX,
4424,mhc9uZ,
4425,vqw8mP,
4426,fse0lX,
4427,iaf1oA,
4428,may2hR,
4429,phe3bJ,
4430,xrt5wQ,
4431,jjg0xJ,
4432,bsa1lJ,
4433,gyy1fS,
4434,cwk9oU,
4435,ond6tK,
4436,yhw3iY,
4437,ivy0sU,
4438,tzr5eG,
4439,uzx2jI,
4440,vrf8zJ,
4441,zga0nJ,
4442,bew1bZ,
4443,bmu2cK,
4444,dla4gQ,
4445,jjg2sQ,
4446,jsc6iZ,
4447,kkn5zP,
4448,mko8oU,
4449,puf7gL,
4450,vla3jJ,
4451,zsq5kO,
4452,aau1dM,
4453,ajk9sG,
4454,ejt5mD,
4455,xob8lW,
4456,bmu4qI,
4457,kwy5eP,
4458,ctn5bD,
4459,huv9iC,
4460,mlc2aV,
4461,vgp7xQ,
4462,cbh7qX,
4463,dva8rJ,
4464,egy9wT,
4465,tog5jK,
4466,aau8oQ,
4467,ezv5lK,
4468,fzf3gX,
4469,jib5jT,
4470,kib4bZ,
4471,kro4oW,
4472,tqi5uM,
4473,yrm9rV,
4474,dnn1sR,
4475,jkt6vW,
4476,mwz9iR,
4477,pqv5fD,
4478,xkv4oP,
4479,eah7oM,
4480,nco3vF,
4481,yru0mH,
4482,exc7mE,
4483,ykw1rW,
4484,two8rD,
4485,xur3iC,
4486,jel3bR,
4487,pjr3uP,
4488,brc3rS,
4489,lgr9rA,
4490,ujw5kK,
4491,fsg6kG,
4492,rfx6vU,
4493,wve9mW,
4494,zdo7wR,
4495,bee0wP,
4496,evk1yY,
4497,hga6rA,
4498,hlk6dM,
4499,pnn0yF,
4500,hlu1lS,
4501,hrc9iT,
4502,iry1uT,
4503,jik3fS,
4504,kkm9eX,
4505,tih3uC,
4506,wnf8dG,
4507,bed8oW,
4508,cwr6sP,
4509,eik0yD,
4510,qfh1jB,
4511,sgt3hO,
4512,tux3hY,
4513,ajr0zO,
4514,smq6kV,
4515,tdh7wO,
4516,tzu0rD,
4517,sth4kC,
4518,wnj9cG,
4519,dlb4oO,
4520,qcf3vF,
4521,vac8pC,
4522,rgr7aT,
4523,evk2nZ,
4524,iqv8mE,
4525,qjp4sV,
4526,shf2kO,
4527,wtp9qK,
4528,gtp1zJ,
4529,ksk0mD,
4530,rpi2uS,
4531,vvh6vS,
4532,yhj5dT,
4533,eum7bS,
4534,hoa7iF,
4535,vra3aT,
4536,xhy4pT,
4537,lhs6wA,
4538,fbv6wB,
4539,taf6lW,
4540,cmo5hM,
4541,ijn2wQ,
4542,ioz1bH,
4543,qxe3iS,
4544,rjk2sW,
4545,isn8mQ,
4546,hpm8lU,
4547,jbm1xX,
4548,nrz7mQ,
4549,gjd9xK,
4550,nmn9mI,
4551,aae3qB,
4552,ani3pJ,
4553,apg6wI,
4554,bpi5pM,
4555,cbs3qV,
4556,cwe1rN,
4557,cxo3uJ,
4558,efi8uZ,
4559,eps3qE,
4560,gdw4oB,
4561,ggc2oH,
4562,hhm7fZ,
4563,hnj0dV,
4564,hzj5uG,
4565,izc6iY,
4566,jdu4sB,
4567,klr2tQ,
4568,kof2lC,
4569,kpb4hK,
4570,kyy4rE,
4571,lbc9uJ,
4572,nyv1jI,
4573,onh5iT,
4574,oyo4rF,
4575,oyy7nD,
4576,pxn7yU,
4577,qbc0kG,
4578,qgl0pX,
4579,qqo5hY,
4580,rfl4nD,
4581,rgo9tW,
4582,rxw9rF,
4583,sob6lP,
4584,sol4rS,
4585,stv6gG,
4586,uqy0mO,
4587,wpv0pG,
4588,wrz2bL,
4589,wws7cO,
4590,xcn4eI,
4591,xiz7tD,
4592,xnf4vY,
4593,xom7fX,
4594,xsb5nD,
4595,zoj9cR,
4596,fwk4dI,
4597,wvt5rP,
4598,atr7fR,
4599,hop0wX,
4600,zcs0qL,
4601,haa8cG,
4602,mna8rC,
4603,sxh7dM,
4604,kbv1bL,
4605,ubu9jZ,
4606,usu9bK,
4607,gkp9jV,
4608,vbs5bE,
4609,drt8eS,
4610,ovq1fQ,
4611,hwu2uI,
4612,nei4kD,
4613,sgj4uK,
4614,bla3hT,
4615,ekk3sA,
4616,enm2mM,
4617,lkv3sF,
4618,yvf1gF,
4619,geq2fP,
4620,nca3jU,
4621,nfi6bN,
4622,ydd1bI,
4623,vkx5wR,
4624,ckg2aK,
4625,dsw3bD,
4626,ite9mC,
4627,itx0gX,
4628,ayt3uC,
4629,buh0iH,
4630,des1pF,
4631,nlm1pC,
4632,qgx4oH,
4633,bky7rZ,
4634,msx3nW,
4635,rfe8jC,
4636,rnj3nM,
4637,ehs2aN,
4638,quq6qH,
4639,ust4fF,
4640,mes1vB,
4641,plr1zW,
4642,wlp9lO,
4643,ifc4kK,
4644,jzj8lM,
4645,rnh8pG,
4646,vzd1pD,
4647,hsw1uU,
4648,qax1jO,
4649,qxr6bA,
4650,tya6nW,
4651,cks7fB,
4652,xhj5gW,
4653,arq1bI,
4654,azi6qK,
4655,bdn4iP,
4656,bxf2wP,
4657,chg0hA,
4658,cit2fJ,
4659,cjx1fR,
4660,ctv9lH,
4661,cuc4fY,
4662,cwl2tS,
4663,dab8nG,
4664,dbr7zQ,
4665,evu6aW,
4666,fbr2vJ,
4667,fnl3dE,
4668,ghq6rH,
4669,gza6pF,
4670,hgh1kK,
4671,hqp1bJ,
4672,hri3rR,
4673,hyn9uZ,
4674,icd8jK,
4675,jfg0iB,
4676,jhl3kH,
4677,jom3aM,
4678,jqg0eX,
4679,jxh2eX,
4680,kkf9aW,
4681,krk2rY,
4682,ldu8mY,
4683,mub4tN,
4684,naf3hD,
4685,nca4cO,
4686,nht1mT,
4687,nsn2lP,
4688,nxc2sQ,
4689,nyw8zL,
4690,oog2eV,
4691,pck8qX,
4692,pky6aX,
4693,plx3aL,
4694,qoj5tB,
4695,rou4rP,
4696,rxs5kY,
4697,sdg4nS,
4698,see3nF,
4699,sii7wR,
4700,slv0aP,
4701,srg4zJ,
4702,tdd3uN,
4703,tor9hD,
4704,ubb7sP,
4705,uvu7mB,
4706,uww7tG,
4707,vlx5aZ,
4708,voe0dW,
4709,vvi9gR,
4710,vzn5aP,
4711,wyl9lZ,
4712,xad8nS,
4713,xai8hB,
4714,xqo3mS,
4715,xzo5nK,
4716,ymx5iB,
4717,yoi0bG,
4718,yss9bZ,
4719,zgq7lT,
4720,zgv5oU,
4721,zjx9dZ,
4722,zlr6uC,
4723,zxr2cA,
4724,jqp1aP,
4725,wgc7yM,
4726,len2lC,
4727,ozw5pS,
4728,wwc3vI,
4729,wzz7vN,
4730,ays9eI,
4731,eic6mS,
4732,izt0iF,
4733,uwu5iH,
4734,xjd7hS,
4735,ndj5iY,
4736,one3nN,
4737,qux9tR,
4738,uil4lA,
4739,lbr1rX,
4740,nuh7nV,
4741,ohg5wA,
4742,uhp2vM,
4743,xuj9vK,
4744,cyq1tM,
4745,iea3qS,
4746,jfe9pJ,
4747,cbn8fX,
4748,mgg7gW,
4749,qoq5wK,
4750,gkw2fU,
4751,tff0wM,
4752,dgg7aF,
4753,evf7nV,
4754,lqo1kX,
4755,zkf9yT,
4756,fwv3gF,
4757,qvn2pP,
4758,dui6yM,
4759,hzw5rJ,
4760,zmb6zT,
4761,blm8nC,
4762,imu2pW,
4763,hkp4zP,
4764,zkt4eJ,
4765,dlp4bW,
4766,ydx9iG,
4767,axb3sF,
4768,bfp4oD,
4769,dyv1fW,
4770,eki5fD,
4771,hns1lC,
4772,iah1cH,
4773,pjl5wM,
4774,rdy9vH,
4775,ubc9vM,
4776,yws1cF,
4777,zje8uW,
4778,mne9mC,
4779,uty7aH,
4780,gvm1cV,
4781,qpm2bD,
4782,rtu6kW,
4783,cyg1gV,
4784,lmf1cF,
4785,ijk3hH,
4786,wft0hL,
4787,ssi6cY,
4788,cuh1oC,
4789,szg5tO,
4790,vwu2aB,
4791,dax7cV,
4792,gmq8sS,
4793,hva3jH,
4794,mjn1vA,
4795,qza2lY,
4796,rbx9yM,
4797,wry6iV,
4798,oac0gS,
4799,vgq6wY,
4800,ahg4kD,
4801,ffb5pR,
4802,jfw5wL,
4803,tti5hL,
4804,tww0fK,
4805,vid9gW,
4806,qri6rK,
4807,gpg0jY,
4808,lht6nW,
4809,npc9nI,
4810,ulc4xD,
4811,kki3yS,
4812,oah3xZ,
4813,wjl2zJ,
4814,xhc8wV,
4815,gto9zN,
4816,jhe9oV,
4817,ufa8tK,
4818,whg5vQ,
4819,ayj7pB,
4820,jss2zK,
4821,klj0aS,
4822,uku5zO,
4823,ves6mN,
4824,vyg7aC,
4825,amq8sM,
4826,bxj9hW,
4827,grb5nF,
4828,hzo0sO,
4829,jwt5kU,
4830,ntu3pV,
4831,phh7fY,
4832,vtt0iK,
4833,wen2wV,
4834,xtz3qR,
4835,fwy3mK,
4836,gru7eN,
4837,jqo9mU,
4838,oqu8uJ,
4839,ddn0bZ,
4840,hrv1sP,
4841,lnl6lD,
4842,roj7hR,
4843,ail8wF,
4844,csm6gX,
4845,poo8qR,
4846,wvr9aB,
4847,czb7xL,
4848,eag4nG,
4849,ifi8lA,
4850,qjy6tQ,
4851,agk8kP,
4852,bpx7iR,
4853,ccl0nB,
4854,ius2yE,
4855,ixn1rA,
4856,rnz3nO,
4857,wal4xN,
4858,zjv4gL,
4859,doq5sE,
4860,dzn3cM,
4861,etb0aJ,
4862,fvh0rJ,
4863,hux5sP,
4864,izn7vI,
4865,jmj1nJ,
4866,kys3eF,
4867,lil6vG,
4868,mmj0sH,
4869,moz1tY,
4870,pqq8iT,
4871,pzg3fP,
4872,rel5iT,
4873,sjz8cP,
4874,ske5bN,
4875,uev0cC,
4876,ufb7xR,
4877,ujq4xO,
4878,veq5mC,
4879,zpc8rL,
4880,hfi6eB,
4881,vhk3gK,
4882,yey1zV,
4883,yez9zZ,
4884,jwo7pR,
4885,wjl5jH,
4886,rmu4pJ,
4887,fzo7xG,
4888,nvq7rD,
4889,bqu4oS,
4890,ivp2aE,
4891,jxi6fW,
4892,pqx4uR,
4893,qti5wX,
4894,qow7fP,
4895,ipl3eE,
4896,jrz4uE,
4897,lro4lC,
4898,nll5qM,
4899,tlp1dE,
4900,wfx5oL,
4901,rsd6qB,
4902,acw8dM,
4903,hdc3eW,
4904,lci9fC,
4905,fbd5qP,
4906,kkn6jR,
4907,cmd8xZ,
4908,ejs7oZ,
4909,ona3mV,
4910,dlp1pA,
4911,gov7tF,
4912,mdy8rS,
4913,ufh4uC,
4914,aat4uW,
4915,adt6sX,
4916,asy9uQ,
4917,azp8qD,
4918,dgt6nG,
4919,dxn0vP,
4920,ebn7gY,
4921,fwf9kK,
4922,gek7qH,
4923,gfw8tP,
4924,gmm5nF,
4925,gsj0xC,
4926,hde6sY,
4927,hsa8tA,
4928,jve8wZ,
4929,jzm5hX,
4930,kjx2sE,
4931,kww1lU,
4932,lvn0kL,
4933,mig3zI,
4934,mjs2zG,
4935,nbv4wE,
4936,nkz2uL,
4937,npm1mH,
4938,nrm4xU,
4939,oat4kL,
4940,oxk6cN,
4941,pcy9pK,
4942,ppt5yF,
4943,puo3pV,
4944,pwe4pH,
4945,qfs1jL,
4946,raq3vJ,
4947,rij8hL,
4948,svf2iV,
4949,tok7gF,
4950,tzc7hV,
4951,wna6rX,
4952,wyw2pN,
4953,xax4dO,
4954,xhf0eS,
4955,yej7qO,
4956,ymc9dJ,
4957,zpk2lS,
4958,wcp3cJ,
4959,ztc3uP,
4960,bin7zW,
4961,bwp8sH,
4962,cdu4wZ,
4963,idm6bI,
4964,cgd5eG,
4965,hwg2fX,
4966,fpx3fA,
4967,rpx2mO,
4968,zeb1kM,
4969,htg2zD,
4970,iqv7vF,
4971,ldl8zH,
4972,bpr6cH,
4973,cfg0uD,
4974,ejs9lA,
4975,gjn0kB,
4976,hfx0qA,
4977,odn8eS,
4978,etk5tT,
4979,rdz7hA,
4980,vdc5lB,
4981,xey2xU,
4982,amv7mY,
4983,giw2eZ,
4984,juz5aW,
4985,xbz5bG,
4986,yfj5iJ,
4987,dpl3pW,
4988,poe1fT,
4989,yzy9lK,
4990,zkb8yK,
4991,zki3fI,
4992,dpt5aT,
4993,kwr6yX,
4994,kyq1pZ,
4995,lxg9uO,
4996,xbp1qZ,
4997,zsi9zK,
4998,bxf2fQ,
4999,ubp9zH,
5000,csq0hW,
5001,gjf7vL,
5002,hxm8xP,
5003,mxc5oO,
5004,pvw1qV,
5005,rmd4uS,
5006,wjp3oZ,
5007,wov7gJ,
5008,ytc8sU,
5009,egr5jC,
5010,exr8kS,
5011,gca4uS,
5012,mcn8xF,
5013,mcy8kS,
5014,cna8mN,
5015,emx3gL,
5016,omz6iU,
5017,uoz8vZ,
5018,vhg5mC,
5019,yby0gH,
5020,zdc9nB,
5021,zzv7kG,
5022,bep6tL,
5023,rvl4eU,
5024,jam8zL,
5025,qpn3vI,
5026,fpd7uM,
5027,mqa2yE,
5028,nrc1nN,
5029,ppl0aG,
5030,bql2mA,
5031,koo6pD,
5032,nkp2fX,
5033,nzq9fY,
5034,sta2qI,
5035,tma9pW,
5036,ugr2dA,
5037,fgu1nA,
5038,otu0qI,
5039,ahj2tD,
5040,cle3gB,
5041,eqa1iD,
5042,mmh3fI,
5043,ugs5mL,
5044,hki6kC,
5045,ift2sU,
5046,stv3cB,
5047,cqs9fD,
5048,fsg0rH,
5049,gtx5dE,
5050,lnd9vM,
5051,ovu9sH,
5052,zpk8sV,
5053,ptb9jF,
5054,wlc0aC,
5055,dbg7lU,
5056,nir0pV,
5057,dqi3yA,
5058,rcg2vO,
5059,ocq3cF,
5060,oqw1uF,
5061,rqv7dI,
5062,tax8fY,
5063,pmv3iT,
5064,rxt7oW,
5065,dfa1rF,
5066,igo7qY,
5067,qhm5aB,
5068,ulv3qW,
5069,ogk7sV,
5070,qzr9cN,
5071,uxu8tO,
5072,yzu3wZ,
5073,fir7pK,
5074,pgs2kB,
5075,qxp2gP,
5076,bro5eC,
5077,bte2lC,
5078,dky5aJ,
5079,dzn3mE,
5080,eag0dJ,
5081,emk1vT,
5082,fnx4cX,
5083,fwr1rO,
5084,gbk4dQ,
5085,iqc8fV,
5086,jai4uD,
5087,jnk4wT,
5088,msa8yL,
5089,neb8uK,
5090,nes2jZ,
5091,njl9bT,
5092,nwr5fR,
5093,rji1bF,
5094,rsg9kG,
5095,sce2oL,
5096,sdl6mE,
5097,sie7dA,
5098,slu4yU,
5099,snr0aR,
5100,tkn6zI,
5101,ujs8sH,
5102,uye8aH,
5103,vas7nM,
5104,vmw4zF,
5105,wav1wC,
5106,ykc9fV,
5107,ykg4rA,
5108,ylg1qT,
5109,yls7tW,
5110,zdf1pO,
5111,zvw0uL,
5112,myf6qO,
5113,ngq6fM,
5114,pqd3hL,
5115,qem8bB,
5116,rex2dD,
5117,ugb3qB,
5118,wvf6zQ,
5119,big2wA,
5120,gmk9tW,
5121,tzv1uP,
5122,csl4hA,
5123,lfy6iD,
5124,oxy2aV,
5125,zri6qS,
5126,gpz1eP,
5127,llt0xK,
5128,msc5oY,
5129,mzn9jR,
5130,rvh4kF,
5131,stq1wX,
5132,anc0uJ,
5133,dpm2fO,
5134,nqk9zR,
5135,mfi6rO,
5136,lug5yQ,
5137,mtd6qW,
5138,prm2eO,
5139,rid1oD,
5140,ryl7uO,
5141,pam5uP,
5142,rfn3uC,
5143,rsf1yC,
5144,yiw2dP,
5145,hma6gI,
5146,nsy3iG,
5147,hss3bY,
5148,tiy8wD,
5149,dpy9fP,
5150,jqs0uG,
5151,lkc1nZ,
5152,jzu8rI,
5153,tmn0lD,
5154,tsw4fQ,
5155,hat9gN,
5156,lzr4nX,
5157,tqu9xK,
5158,djq5dP,
5159,dvq6dU,
5160,hsk5hA,
5161,kyu9hN,
5162,nbk0sD,
5163,vah6uD,
5164,xvf6hY,
5165,lin8vF,
5166,meg3nL,
5167,vyl7dR,
5168,eyd6oU,
5169,dvs6kK,
5170,gde3jW,
5171,pbr9jX,
5172,eqz3gR,
5173,lmv5qH,
5174,vkh0iP,
5175,wak9uY,
5176,odb4tM,
5177,fxq1nC,
5178,hem5lB,
5179,why5zY,
5180,cwh3tY,
5181,rpo9nG,
5182,uim9kB,
5183,jgc4jL,
5184,osm2gO,
5185,whz3yA,
5186,tkc6jE,
5187,ywf2mK,
5188,jpn9pO,
5189,qyu5mQ,
5190,cpg2cI,
5191,prm9vB,
5192,zye0dH,
5193,bmc5pU,
5194,oze9cY,
5195,rcl0jS,
5196,vsu9cG,
5197,yjn1wF,
5198,zyg9dR,
5199,alq9dN,
5200,lxy5cS,
5201,qrr1bY,
5202,vus8fE,
5203,ajr2jB,
5204,ajs3jV,
5205,bzl0oD,
5206,dmv9xC,
5207,fgo3nI,
5208,gjc0dO,
5209,iax3bQ,
5210,jvu6rQ,
5211,mze5pW,
5212,npt3oN,
5213,qbn0xL,
5214,ttq6dW,
5215,ufy7pX,
5216,vcw3pL,
5217,vti8zX,
5218,wmz7eI,
5219,xyd8gH,
5220,yny2oS,
5221,yot5fO,
5222,zcv4bT,
5223,fru3hT,
5224,tmf1dX,
5225,qzc2vF,
5226,vzd9fS,
5227,kpv6zQ,
5228,rge7lB,
5229,kuk5uF,
5230,ufx8eT,
5231,hwr0cJ,
5232,ktk7uD,
5233,sji7tF,
5234,uwo6bK,
5235,aau8mY,
5236,aej0yM,
5237,bqg8kF,
5238,cgk2sH,
5239,evo7cK,
5240,iid8aF,
5241,iip9jF,
5242,jcw2yJ,
5243,kbv0kH,
5244,nep7oS,
5245,ouz0lD,
5246,pdl9lK,
5247,rdb9iA,
5248,ssh1lG,
5249,tdn1yX,
5250,tny7mS,
5251,uqg2jO,
5252,uxc8uD,
5253,wup5aQ,
5254,wwn6uI,
5255,xub8aY,
5256,yrf4fV,
5257,toa7oC,
5258,vcy8nL,
5259,ala5xN,
5260,ido5bN,
5261,oeb8yP,
5262,gbu6oU,
5263,vac9xZ,
5264,clo8nF,
5265,gld1jK,
5266,ijb0jL,
5267,jhu0fK,
5268,pjz9zW,
5269,eed1lQ,
5270,knm3pY,
5271,mff5aJ,
5272,urb6cB,
5273,rzv1fB,
5274,cjm9pW,
5275,miq0rV,
5276,apg3bD,
5277,eqo4nS,
5278,exf5eU,
5279,ftv1oE,
5280,nqi7bV,
5281,wkp8oP,
5282,zxw1qS,
5283,abd2gX,
5284,abf8qX,
5285,adc4tX,
5286,aff9eR,
5287,afk3vX,
5288,ags9rR,
5289,but9rI,
5290,cbl5yW,
5291,ccq0tQ,
5292,coa1gN,
5293,crs8xG,
5294,dcu8fO,
5295,dfi9aQ,
5296,dns3nJ,
5297,dxv2gG,
5298,edm3eU,
5299,eds7sL,
5300,env1oN,
5301,erd9iK,
5302,ese9oN,
5303,evq5wJ,
5304,fav3vI,
5305,few1yR,
5306,fgr6lS,
5307,fpi2vS,
5308,ftt1fR,
5309,gbg0cG,
5310,gem5qP,
5311,gen4cH,
5312,gfa1vN,
5313,ggt8qP,
5314,ghp7oE,
5315,gkb3eW,
5316,glt7jQ,
5317,hgi1uL,
5318,hok3pE,
5319,ikt7wA,
5320,isq4eU,
5321,itr7oM,
5322,ixb9yF,
5323,ixs5dX,
5324,jpa3nG,
5325,jwx8aS,
5326,kry4jV,
5327,ksa6jS,
5328,lrk7bQ,
5329,mad4oC,
5330,mim2uC,
5331,mit1tX,
5332,mla5vY,
5333,mpq1lV,
5334,naa4nX,
5335,nan2lW,
5336,nfr0qM,
5337,nfu4lS,
5338,obe2cU,
5339,odi2jO,
5340,pde9jY,
5341,prj9fB,
5342,psr1rW,
5343,ptf3uY,
5344,qas2hY,
5345,qiz2yW,
5346,qkq4lN,
5347,qly8xW,
5348,qov3xF,
5349,qov8bN,
5350,qsb2gK,
5351,qyg7eC,
5352,rba9xG,
5353,rdp6dZ,
5354,rpy8bL,
5355,rwh6sM,
5356,rzd8gA,
5357,rzt9cH,
5358,scd1gO,
5359,sed4bK,
5360,shk3dE,
5361,sny8eB,
5362,spk4oP,
5363,suw5tI,
5364,tav8yU,
5365,tcq8mB,
5366,tgx3qS,
5367,tlh2tE,
5368,tmo5hD,
5369,ufw9hE,
5370,ukg3eZ,
5371,uyf3zF,
5372,vat6mC,
5373,vaw3zA,
5374,vge9nV,
5375,vid5fR,
5376,vmf6iK,
5377,vxq8wH,
5378,wcw3uK,
5379,wgc2tD,
5380,woq4sH,
5381,wuh3kB,
5382,wzq0xX,
5383,xch2eF,
5384,xie4iS,
5385,xoz3uN,
5386,xpl9fO,
5387,yha3vS,
5388,ylg0wW,
5389,ypk5bK,
5390,zhz4gI,
5391,zkg7iQ,
5392,zmc2jU,
5393,zyk7jL,
5394,qct3gA,
5395,wzx2gE,
5396,xuy6yR,
5397,dpc1xU,
5398,rsq1uJ,
5399,tpy4gS,
5400,aqi8zK,
5401,ogt0bH,
5402,qxt2lY,
5403,ywo2mK,
5404,bmp6vB,
5405,hrc2nA,
5406,bfo3oM,
5407,fhw6qI,
5408,pqn3pC,
5409,ydt4aN,
5410,dwo1mD,
5411,mfx6uQ,
5412,mxj9xF,
5413,tnh0fD,
5414,lqj2jN,
5415,lya5tW,
5416,lqn4yQ,
5417,twu4vY,
5418,glj7dW,
5419,aea5pB,
5420,aqm6dH,
5421,bfd6zH,
5422,div3oD,
5423,ell8mG,
5424,nab5dY,
5425,ofr4qU,
5426,qag3jJ,
5427,sld8yC,
5428,zvy6qI,
5429,jyk9pD,
5430,uhj7oR,
5431,wya7uH,
5432,zmc8cT,
5433,aoy7zT,
5434,cie0sC,
5435,dir3mG,
5436,fzp6uG,
5437,ijv7xM,
5438,llh8xL,
5439,ltr2nF,
5440,qco1nP,
5441,uwx4jO,
5442,zhf4jU,
5443,atz0fM,
5444,gex4aI,
5445,ucw9cS,
5446,bds1fJ,
5447,eqx8cT,
5448,nyq2rG,
5449,ejb6uM,
5450,gde3qW,
5451,gyr4uV,
5452,ofp1dT,
5453,tbp4tI,
5454,ulw0kD,
5455,imv8eX,
5456,hdw8kI,
5457,nvb6yD,
5458,qxq2kR,
5459,zib7vH,
5460,svn3tT,
5461,zrj9tR,
5462,ilg6bL,
5463,qtk3uC,
5464,wci0dP,
5465,ygc5aR,
5466,bao9cZ,
5467,eni9fD,
5468,rty9cU,
5469,sgt5tJ,
5470,shg5eA,
5471,ztl2uZ,
5472,aaf1tM,
5473,xny3oG,
5474,udk5tI,
5475,ayk9kP,
5476,cjd3kD,
5477,dqq4xS,
5478,gmh8rD,
5479,keh9qG,
5480,kgg6pF,
5481,nmw3wM,
5482,vyo5bP,
5483,wgt3bI,
5484,wuf8kG,
5485,sgv2gP,
5486,vyt8qK,
5487,lvc0kK,
5488,gzd6uE,
5489,tlk3iO,
5490,xuo9yS,
5491,ceg7eI,
5492,koa2hP,
5493,rpj5cD,
5494,cfj1fP,
5495,hhx3yE,
5496,ojg5zF,
5497,pwl2gP,
5498,znn0dR,
5499,jhi0zM,
5500,thg6zZ,
5501,jqv5qB,
5502,swm3fS,
5503,vnk6xY,
5504,ycu4wI,
5505,gqs2lP,
5506,ovl3aI,
5507,rnt1dM,
5508,syj2xI,
5509,ycd5kP,
5510,hai7cI,
5511,vgw1dH,
5512,qad7yH,
5513,mmj7iS,
5514,qqg2yT,
5515,rwv0rK,
5516,ucs4kT,
5517,vjn5zC,
5518,scq7lA,
5519,aas3vI,
5520,ads2oS,
5521,ajq1uJ,
5522,alu9vC,
5523,apc3xS,
5524,apu4aG,
5525,avs2sN,
5526,bae8yR,
5527,bfe6jZ,
5528,bfp2mY,
5529,bfv5iC,
5530,bis4dE,
5531,bky2xC,
5532,brx4vM,
5533,cii8mN,
5534,cmk4cC,
5535,ctc6wY,
5536,cxp2iZ,
5537,cyd3cF,
5538,daj7cL,
5539,djk0jB,
5540,dox1bS,
5541,dqc7sK,
5542,drh6bB,
5543,dyk0kB,
5544,ebc8wW,
5545,egh3wA,
5546,fmf2lV,
5547,fpb1bB,
5548,fxb3yG,
5549,gew1gO,
5550,ggo3xW,
5551,glf8fO,
5552,gti4vC,
5553,gwo3pP,
5554,gyi3wI,
5555,hak5qN,
5556,hju2jD,
5557,hnt1mB,
5558,hrg6wJ,
5559,hwx0jV,
5560,hxf3uZ,
5561,iam2cC,
5562,idm2uH,
5563,igk0jE,
5564,iln6mR,
5565,ipm3iZ,
5566,iqj2eG,
5567,izj9wC,
5568,jje8pU,
5569,jjt8lN,
5570,jqw6fX,
5571,kag1jV,
5572,kgb8mT,
5573,koc5xX,
5574,ksq4gN,
5575,kur3eJ,
5576,kuw5hE,
5577,kza8dE,
5578,lhc7xX,
5579,lvl5yP,
5580,lwx5eP,
5581,lzl8uH,
5582,mab2aX,
5583,maq3yX,
5584,mfz2zE,
5585,mnm8aY,
5586,mod3nL,
5587,mvx4aY,
5588,mxl7mH,
5589,nhs2bV,
5590,nub5tH,
5591,nuf4jI,
5592,nyf3wR,
5593,ock0gF,
5594,oeu5uI,
5595,ogw9qP,
5596,ohy3lV,
5597,oov1wQ,
5598,ora9oJ,
5599,pan8pT,
5600,pcb5dL,
5601,qaq1dY,
5602,qax1dV,
5603,qfd5xN,
5604,qgp6qG,
5605,qho9dJ,
5606,qhw9wA,
5607,qsn6pE,
5608,rhq7hH,
5609,rpy0wK,
5610,rqb3tP,
5611,rtk1iO,
5612,rwr5pQ,
5613,ryo2bM,
5614,sbw0tS,
5615,scc1jH,
5616,sfc2iF,
5617,sfw1yM,
5618,sqr5uR,
5619,sva7oI,
5620,szt6iZ,
5621,tdx9vT,
5622,toj5qO,
5623,tuw7mF,
5624,uab1iP,
5625,uag2uQ,
5626,uex5bZ,
5627,ufr3bH,
5628,upa6pM,
5629,urf9fI,
5630,utr5hS,
5631,uua6qW,
5632,uue5uS,
5633,uup2uX,
5634,vaq9rC,
5635,vba4cD,
5636,vjw9rB,
5637,vqq9uZ,
5638,vsc1lR,
5639,vwd8yT,
5640,vyf4iK,
5641,vzl1nR,
5642,weo3kJ,
5643,win4lD,
5644,wmp2fJ,
5645,wsa5pV,
5646,wst2tC,
5647,wyw5dH,
5648,wzl8eT,
5649,xbf1jD,
5650,xra3eD,
5651,xup5qP,
5652,ymf4bO,
5653,yta6sV,
5654,ytw4yM,
5655,yyh0mH,
5656,yyz8jN,
5657,zag9dK,
5658,zdg9aK,
5659,zdu5nT,
5660,zfp0vH,
5661,zqu2mV,
5662,zrq1zF,
5663,zue6nX,
5664,bdi2hA,
5665,kvf3pN,
5666,zon6nZ,
5667,hrx7xF,
5668,edh8iE,
5669,jep1yZ,
5670,kfq1yQ,
5671,xxd0eH,
5672,kyd0nR,
5673,laq6xC,
5674,ott5pS,
5675,pwd2lT,
5676,foo4vT,
5677,lxj7oL,
5678,ygl2cY,
5679,doi8aR,
5680,hos7sX,
5681,lrk3sQ,
5682,okf7rC,
5683,ahd0bN,
5684,avk6cA,
5685,axv4oG,
5686,bjk3rW,
5687,bzl5cO,
5688,cfz1cG,
5689,chm4bX,
5690,clx2gU,
5691,csd1mJ,
5692,cwo0dQ,
5693,czf1fO,
5694,dgy0fC,
5695,dll8uJ,
5696,ebk8kD,
5697,ezt7rF,
5698,fdy1pT,
5699,ffb1aJ,
5700,fif5eG,
5701,fwi4dQ,
5702,gea6jH,
5703,ghf4vE,
5704,gji5kA,
5705,gzl9yB,
5706,him6iC,
5707,hmp3lM,
5708,hsb1yY,
5709,huz6vQ,
5710,hzh2pZ,
5711,iai8vN,
5712,ijt3sD,
5713,iud9wV,
5714,jbf1lM,
5715,jnn3jT,
5716,khv8uG,
5717,kjq6bG,
5718,koa4uF,
5719,kph0yD,
5720,kpw3iV,
5721,kum1fB,
5722,lbe2fP,
5723,lfy3pS,
5724,lfz6cF,
5725,mbk4qP,
5726,mhf6oK,
5727,mjd1qY,
5728,mjm4sE,
5729,mjx6zF,
5730,mli1dS,
5731,mos7eA,
5732,mpe5oM,
5733,msc5hY,
5734,mtx5iU,
5735,nqj5aC,
5736,oex9vI,
5737,ofr0mI,
5738,oid6fW,
5739,oyz4xZ,
5740,pax4pO,
5741,piz6tG,
5742,pkx1dN,
5743,ply1qQ,
5744,pqc1eT,
5745,pyd7pB,
5746,qdp8hQ,
5747,reg7wG,
5748,rff7qT,
5749,rlz6aC,
5750,rpp5aD,
5751,seo8gB,
5752,sjt9yT,
5753,suy8cH,
5754,tdr2sE,
5755,tmc4fW,
5756,ucn5eJ,
5757,umx1hL,
5758,vck4tD,
5759,voj4aZ,
5760,vsz8xE,
5761,vtg6lN,
5762,wbu8xS,
5763,wvy1tO,
5764,xgl5pO,
5765,xjc5rF,
5766,yed2oA,
5767,yib7zK,
5768,yui0dW,
5769,zfe3eM,
5770,znz8eX,
5771,zqs7vV,
5772,qpd5nO,
5773,xwl5wL,
5774,bne7jY,
